OBJECTID,FeatureID,Name,AKAName,Address,DevType,DevPhase,PlatDate,Hauler,Acres,AptOwner,SchoolES,SchoolMS,SchoolHS,YearBuilt,HomesTot,Amenities,Label,ShortID,ChatCommID,Gated,Private,Comments,GlobalID,created_date,last_edited_date,Shape__Area,Shape__Length
1,SA100494,Abberley Towneship,,,Townhomes,,,,38.52794267,,Ocee Elementary School,Taylor Road Middle School,Chattahoochee High School,,283,"Gated access, tennis courts, clubhouse, swimming pool",Abberly Towneship,1,ABTS,Yes,Yes,,e0b3155c-d807-4057-90bd-2eb455e23625,2013-06-13T13:41:52.000Z,2018-06-26T20:15:25.000Z,1.52E-05,0.016889517
2,SA100476,Abbotts Bridge Place,,,Townhomes,,,,40.91171739,,Wilson Creek Elementary School,River Trail Middle School,Northview High School,2007,380,"Gated access, playground, tennis courts, clubhouse, swimming pool, walking trails, dog park",Abbotts Bridge Place,2,ABBP,Yes,Yes,,a59ffaed-2eef-47df-93d8-9365df1c3524,2013-06-13T13:41:52.000Z,2018-06-26T20:15:25.000Z,1.61E-05,0.019748844
3,SA100292,Abbotts Chase,,,Subdivision,,,,3.10033804,,Abbotts Hill Elementary School,Taylor Road Middle School,Chattahoochee High School,,9,,Abbotts Chase,3,ABCH,No,No,,cd11dbc2-65f6-4f2c-a470-098fc00d3f15,2013-06-13T13:41:52.000Z,2018-06-26T20:15:25.000Z,1.23E-06,0.004444808
4,SA100301,Abbotts Cove,,,Subdivision,,,,31.99634658,,Abbotts Hill Elementary School,Taylor Road Middle School,Chattahoochee High School,,82,"Tennis courts, swimming pool",Abbotts Cove,4,ABCV,No,No,,5d5e8dd2-fe23-4152-9f11-be3186946814,2013-06-13T13:41:52.000Z,2018-06-26T20:15:25.000Z,1.26E-05,0.017393959
5,SA100519,Abbotts Falls,,11100 Lorin Way,Townhomes,,,,3.48787571,,Wilson Creek Elementary School,River Trail Middle School,Northview High School,,16,,Abbotts Falls,5,ABFS,No,Yes,,817d5307-b088-48c4-b1a5-9a489cdc2d91,2013-06-13T13:41:52.000Z,2018-06-26T20:15:25.000Z,1.38E-06,0.004733135
6,SA100378,Abbotts Landing,,,Subdivision,,,,24.97274452,,Abbotts Hill Elementary School,Taylor Road Middle School,Chattahoochee High School,1993,96,Swimming pool,Abbotts Landing,6,ABLG,No,No,,03b5c24c-0c8f-4114-9532-9b7e6ca7a8ce,2013-06-13T13:41:52.000Z,2018-06-26T20:15:25.000Z,9.86E-06,0.012443446
7,SA100496,Abbotts Mill,,,Townhomes,,,,13.97787028,,Wilson Creek Elementary School,River Trail Middle School,Northview High School,,113,,Abbotts Mill,7,ABML,No,Yes,,7e5d7d0a-349d-4a6e-a8be-aaed8e761d15,2013-06-13T13:41:52.000Z,2018-06-26T20:15:25.000Z,5.52E-06,0.011832696
8,SA100418,Abbotts Pond,Windermere,,Subdivision,,,,60.06437328,,Abbotts Hill Elementary School,Taylor Road Middle School,Chattahoochee High School,,136,"Tennis courts, clubhouse, swimming pool",Abbotts Pond,8,ABPD,No,No,,fa209f31-44a6-4c32-9ca7-3b00a1a25212,2013-06-13T13:41:52.000Z,2018-06-26T20:15:25.000Z,2.37E-05,0.026731363
9,SA100282,Abbotts Run,,,Subdivision,,,,49.08351464,,Wilson Creek Elementary School,River Trail Middle School,Northview High School,,97,"Tennis courts, clubhouse, swimming pool",Abbotts Run,9,ABRN,No,No,,3f4f4040-dc5b-4e7e-9a2c-39df32c0912e,2013-06-13T13:41:52.000Z,2018-06-26T20:15:25.000Z,1.94E-05,0.023750228
10,SA100302,Abbotts Station,,,Subdivision,,,,21.28727867,,Wilson Creek Elementary School,River Trail Middle School,Northview High School,,66,,Abbotts Station,11,ABST,No,No,,4397b31a-fadb-49a6-97c6-614acbdabb99,2013-06-13T13:41:52.000Z,2018-06-26T20:15:25.000Z,8.41E-06,0.013818353
11,SA100419,Abbotts View,,,Subdivision,,,,9.41948127,,Wilson Creek Elementary School,River Trail Middle School,Northview High School,,25,,Abbotts View,12,ABVW,No,No,,2cb472b7-88f4-4d1c-90b3-11c37aa36e4e,2013-06-13T13:41:52.000Z,2018-06-26T20:15:25.000Z,3.72E-06,0.010345015
12,SA100303,Abbotts Walk,,,Subdivision,,,,25.81797386,,Wilson Creek Elementary School,River Trail Middle School,Northview High School,2001,40,3+ garages,Abbotts Walk,13,ABWK,No,No,,8aff9ea4-6567-46c0-af1e-5970fdf6380d,2013-06-13T13:41:52.000Z,2018-06-26T20:15:25.000Z,1.02E-05,0.018395098
13,SA100491,Estates at Johns Creek,Addison Place,11725 Jones Bridge Rd,Apartments,,,WM compactor,49.41108844,RRE Addison Place Holdings LLC,Abbotts Hill Elementary School,Taylor Road Middle School,Chattahoochee High School,,403,"Gated access, tennis courts, swimming pool",Estates at Johns Creek,96,ADPL,Yes,Yes,403 apartment units; name changed 2015,d4b0377f-9bfe-4972-8115-e3a2615892e3,2013-06-13T13:41:52.000Z,2018-06-26T20:15:25.000Z,1.95E-05,0.021252644
14,SA100463,Duck Pond,Azure State Bridge / Alara Apartments,10840 State Bridge Rd,Apartments,,,Advanced Disposal Conex,18.61505139,DPR Johns Creek LLC,Ocee Elementary School,Taylor Road Middle School,Chattahoochee High School,,216,"Gated access, swimming pool",Duck Pond,81,ALAR,Yes,Yes,216 apartment units,71a1d105-ae30-4403-a8e3-48b74775855c,2013-06-13T13:41:52.000Z,2018-06-26T20:15:25.000Z,7.36E-06,0.011114886
15,SA100294,Alvin Estates,,,Subdivision,,,,3.33823776,,Northwood Elementary School,Haynes Bridge Middle School,Centennial High School,,7,,Alvin Estates,15,ALVN,No,No,,22e75602-cb4b-4dc8-8692-b5a6b83c19bc,2013-06-13T13:41:52.000Z,2018-06-26T20:15:25.000Z,1.32E-06,0.004766227
16,SA100414,Amberleigh,,,Subdivision,,,,69.63707851,,Shakerag Elementary School,River Trail Middle School,Northview High School,,160,,Amberleigh,16,AMBL,No,No,,44d82f1a-a128-432f-a6ee-5cfadffc1244,2013-06-13T13:41:52.000Z,2018-06-26T20:15:25.000Z,2.75E-05,0.028911565
17,SA100479,Ammersee,,,Subdivision,,,,91.98308554,,Medlock Bridge Elementary School,Autrey Mill Middle School,Johns Creek High School,2000,148,"Gated access, tennis courts, swimming pool, lakes, walking trails",Ammersee,17,AMRS,Yes,Yes,,83c8106c-4a77-4be9-92ca-e69473aefbd0,2013-06-13T13:41:52.000Z,2018-06-26T20:15:25.000Z,3.63E-05,0.027807135
18,SA100272,Anaheim Farms,,,Subdivision,,,,21.32360103,,Barnwell Elementary School,Haynes Bridge Middle School,Centennial High School,,26,,Anaheim Farms,18,ANFM,No,No,,92fbe264-6604-47f7-b6d2-b9fd1ac95e65,2013-06-13T13:41:52.000Z,2018-06-26T20:15:25.000Z,8.42E-06,0.012443855
19,SA100497,Andover,,,Subdivision,,,,5.10950059,,Abbotts Hill Elementary School,Taylor Road Middle School,Chattahoochee High School,,26,,Andover,19,ANDV,No,Yes,,05a637d0-f976-4b77-9737-f7a24dd80ce7,2013-06-13T13:41:52.000Z,2018-06-26T20:15:25.000Z,2.02E-06,0.006483798
20,SA100505,Arlington Pointe,Morton Road Townhomes,,Townhomes,,,,7.54433666,,State Bridge Crossing Elementary School,Taylor Road Middle School,Chattahoochee High School,,48,,Arlington Pointe,21,ARPT,No,Yes,,62b4b686-24ad-41bb-ba5e-6ba0c1de4cf1,2013-06-13T13:41:52.000Z,2018-06-26T20:15:25.000Z,2.98E-06,0.008373905
21,SA100450,Ashland,Ashland,,Subdivision,,,,26.6494298,,Abbotts Hill Elementary School,Taylor Road Middle School,Chattahoochee High School,,62,,Ashland,22,ASHL,No,No,,91178e9c-c4fc-4729-aab8-1cb281307463,2013-06-13T13:41:52.000Z,2018-06-26T20:15:25.000Z,1.05E-05,0.016866539
22,SA100304,Ashlee Oaks,,,Subdivision,,,,13.30448639,,Ocee Elementary School,Taylor Road Middle School,Chattahoochee High School,,39,,Ashlee Oaks,23,ASOK,No,No,,034818d0-4ecc-49d1-aabb-4ef08aa7c2ba,2013-06-13T13:41:52.000Z,2018-06-26T20:15:25.000Z,5.26E-06,0.010619262
23,SA100305,Ashley Glen,,,Subdivision,,,,7.98232212,,Barnwell Elementary School,Haynes Bridge Middle School,Centennial High School,,32,,Ashley Glen,24,ASGL,No,No,,b250cff6-e337-43b9-a992-e6d4c41a0cb1,2013-06-13T13:41:52.000Z,2018-06-26T20:15:25.000Z,3.19E-06,0.009796589
24,SA100481,Autry Township,,,Subdivision,,,,19.91298732,,Dolvin Elementary School,Autrey Mill Middle School,Johns Creek High School,,68,,Autry Township,26,AUTS,Yes,Yes,,d49dcaae-b20e-4370-bced-d7f593a0b0f3,2013-06-13T13:41:52.000Z,2018-06-26T20:15:25.000Z,7.87E-06,0.015486429
25,SA100395,Autry Trail,Autry Mill Road,,Subdivision,,,,9.90947503,,Dolvin Elementary School,Autrey Mill Middle School,Johns Creek High School,,7,,Autry Trail,27,AUTL,No,No,,bee31f2c-7221-4b08-9de0-b006a3bc5d79,2013-06-13T13:41:52.000Z,2018-06-26T20:15:25.000Z,3.91E-06,0.01058154
26,SA100410,Aviary,,,Subdivision,,,,67.86542192,,State Bridge Crossing Elementary School,Taylor Road Middle School,Chattahoochee High School,,136,"Tennis courts, swimming pool",Aviary,28,AVRY,No,No,,2adb8f71-4099-464d-9c85-bdceabf974a4,2013-06-13T13:41:52.000Z,2018-06-26T20:15:25.000Z,2.68E-05,0.021314663
27,SA100306,Aviary Ridge,Morton Ridge,,Subdivision,,,,11.97665919,,State Bridge Crossing Elementary School,Taylor Road Middle School,Chattahoochee High School,,25,,Aviary Ridge,29,AVRR,No,No,,4e1a662b-a6d2-4614-82b8-fb8aada34c40,2013-06-13T13:41:52.000Z,2018-06-26T20:15:25.000Z,4.73E-06,0.009560408
28,SA100296,Avonlea on the River,Asbury River,6015 State Bridge Rd,Apartments,,,WM compactor,32.86922413,Avonlea on the River LLC,Medlock Bridge Elementary School,Autrey Mill Middle School,Johns Creek High School,,292,"Gated access, tennis courts, swimming pool",Avonlea on the River,30,AVNL,Yes,Yes,292 apartment units,2690ab10-127e-42f1-b5fd-bb3ed586c30f,2013-06-13T13:41:52.000Z,2018-06-26T20:15:25.000Z,1.42E-05,0.021683682
29,SA100487,Aylesbury Farms,,6115 Abbotts Bridge Rd,Apartments,,,WM compactor,34.25348157,Aylesbury Farms LLC,Wilson Creek Elementary School,River Trail Middle School,Northview High School,,380,"Gated access, tennis courts, swimming pools",Aylesbury Farms,31,AYFM,Yes,Yes,380 apartment units,2dabc361-1905-4750-b9ae-19c52caa448c,2013-06-13T13:41:52.000Z,2018-06-26T20:15:25.000Z,1.35E-05,0.016861888
30,SA100307,Beckton Hall,,,Subdivision,,,,12.122186,,State Bridge Crossing Elementary School,Taylor Road Middle School,Chattahoochee High School,,36,,Beckton Hall,33,BEHL,No,No,,cc09d0a3-fc65-4e77-b122-e67b19364b66,2013-06-13T13:41:52.000Z,2018-06-26T20:15:25.000Z,4.78E-06,0.009981012
31,SA100452,Belcrest,,,Subdivision,,,,36.52437377,,Shakerag Elementary School,River Trail Middle School,Northview High School,,103,"Tennis courts, swimming pool",Belcrest,34,BECR,No,No,,a2770447-e763-4f13-8572-36322480f11e,2013-06-13T13:41:52.000Z,2018-06-26T20:15:25.000Z,1.44E-05,0.01515707
32,SA100308,Bellacree,,,Subdivision,,,,35.55618285,,Shakerag Elementary School,River Trail Middle School,Northview High School,,9,,Bellacree,35,BELC,No,No,,01275792-1ac7-4c8c-a9fa-e54002d21a43,2013-06-13T13:41:52.000Z,2018-06-26T20:15:25.000Z,1.40E-05,0.015576169
33,SA100309,Bellemont Farms,Bell Road Tract,,Subdivision,,,,38.59903698,,Shakerag Elementary School,River Trail Middle School,Northview High School,1993,73,"Tennis courts, swimmig pool",Bellemont Farms,36,BEFR,No,No,,0d8b0139-b0e9-4c4f-bcb1-104d6bba807b,2013-06-13T13:41:52.000Z,2018-06-26T20:15:25.000Z,1.52E-05,0.019764169
34,SA100515,Bellingrath Commons,Haynes Commons,,Townhomes,,,,16.11076217,,Barnwell Elementary School,Haynes Bridge Middle School,Centennial High School,2000,48,,Bellingrath Commons,37,BLGR,No,Yes,,9738c330-d640-41c1-ba1d-384323be247c,2013-06-13T13:41:52.000Z,2018-06-26T20:15:25.000Z,6.37E-06,0.010121587
35,SA100398,Blackstone,,,Subdivision,,,,157.8572874,,Shakerag Elementary School,River Trail Middle School,Northview High School,2001,292,"Tennis courts, clubhouse, swimming pool, playground, basketball court",Blackstone,39,BLST,No,No,,3f615368-e4d5-447f-9e45-a009e2afd422,2013-06-13T13:41:52.000Z,2018-06-26T20:15:25.000Z,6.24E-05,0.051217963
36,SA100310,Bridgemor Heights,,,Subdivision,,,,27.36836442,,State Bridge Crossing Elementary School,Taylor Road Middle School,Chattahoochee High School,,93,,Bridgemor Heights,40,BDGH,No,No,,a6a039fc-936f-48c5-a775-21daf11e9df6,2013-06-13T13:41:52.000Z,2018-06-26T20:15:25.000Z,1.08E-05,0.014610146
37,SA100311,Bridgestone,,,Subdivision,,,,41.63840571,,Ocee Elementary School,Taylor Road Middle School,Chattahoochee High School,,125,"Tennis courts, swimming pool",Bridgestone,41,BRST,No,No,,75bdcb3b-8e1d-483b-a977-2df45e16605d,2013-06-13T13:41:52.000Z,2018-06-26T20:15:25.000Z,1.65E-05,0.018934674
38,SA100260,Bridgetown Villas,,,Townhomes,,,,2.22549857,,Dolvin Elementary School,Autrey Mill Middle School,Johns Creek High School,2001,18,,Bridgetown Villas,42,BTVL,No,Yes,,a3fe9654-5dac-4d8a-96f7-48d2747ef380,2013-06-13T13:41:52.000Z,2018-06-26T20:15:25.000Z,8.79E-07,0.004491011
39,SA100312,Bridgewater,Mallard Lake Estates,,Subdivision,,,,34.08951686,,Barnwell Elementary School,Haynes Bridge Middle School,Centennial High School,,78,"Tennis courts, swimming pool",Bridgewater,44,BRWT,No,No,,9eabd7fa-593e-4d3b-a448-05c72b335f7a,2013-06-13T13:41:52.000Z,2018-06-26T20:15:25.000Z,1.35E-05,0.015462028
40,SA100397,Brookdale,,,Subdivision,,,,6.92367414,,Dolvin Elementary School,Autrey Mill Middle School,Johns Creek High School,,23,,Brookdale,45,BRDL,No,No,,4588a86e-22e7-42d5-bfff-2d67fceb173b,2013-06-13T13:41:52.000Z,2018-06-26T20:15:25.000Z,2.91E-06,0.007519383
41,SA100489,Brookhaven,,,Senior Housing,,,,49.70443463,,n/a,n/a,n/a,,189,"Gated access, clubhouse, tennis courts, swimming pool",Brookhaven,46,BRHV,Yes,Yes,,ef979112-9c51-464f-b38f-4418339c0d72,2013-06-13T13:41:52.000Z,2018-06-26T20:15:25.000Z,1.96E-05,0.021668269
42,SA100313,Brookhollow,,,Subdivision,,,,39.26372518,,Ocee Elementary School,Taylor Road Middle School,Chattahoochee High School,,116,"Tennis courts, swimming pool",Brookhollow,47,BRHL,No,No,,893a7324-7d2f-45d0-803b-5cb8a1dc4236,2013-06-13T13:41:52.000Z,2018-06-26T20:15:25.000Z,1.55E-05,0.01858754
43,SA100453,Brookshire Lake,,,Subdivision,,,,15.60944011,,State Bridge Crossing Elementary School,Taylor Road Middle School,Chattahoochee High School,,12,,Brookshire Lake,49,BSLK,No,No,,8278e27a-f83a-42c3-b4c4-b54dc8bfbcd0,2013-06-13T13:41:52.000Z,2018-06-26T20:15:25.000Z,6.17E-06,0.013458737
44,SA100314,Brumbelow Crossing,,,Subdivision,,,,14.18240017,,Hillside Elementary School,Haynes Bridge Middle School,Centennial High School,,32,,Brumbelow Crossing,51,BBLC,No,No,,8f052bc3-a065-441f-96eb-025f4d9374d2,2013-06-13T13:41:52.000Z,2018-06-26T20:15:25.000Z,5.60E-06,0.011422404
45,SA100315,Brydon Park at Thornhill,,,Subdivision,,,,15.73595946,,Medlock Bridge Elementary School,Autrey Mill Middle School,Johns Creek High School,,48,,Brydon Park at Thornhill,52,BPAT,No,No,,13d7f9f0-9b9c-4bee-a3a3-3fb5725ce11f,2013-06-13T13:41:52.000Z,2018-06-26T20:15:25.000Z,6.22E-06,0.010535985
46,SA100316,Buice Road,,,Subdivision,,,,19.75004796,,State Bridge Crossing Elementary School,Autrey Mill Middle School,Johns Creek High School,,2,,Buice Road,54,BCCK,No,No,,9d777192-c2ff-4c1f-97a3-6c61e1568eee,2013-06-13T13:41:52.000Z,2018-06-26T20:15:25.000Z,7.66E-06,0.015782797
47,SA100421,Cambridge,,,Subdivision,,,,169.5977916,,Findley Oaks Elementary School,Taylor Road Middle School,Chattahoochee High School,,369,"Tennis court, swimming pool",Cambridge,56,CABR,No,No,,259c29e0-ba9e-4c72-9cd8-e6d82033cdf5,2013-06-13T13:41:52.000Z,2018-06-26T20:15:25.000Z,6.70E-05,0.04278963
48,SA100297,Retreat at Johns Creek,Camden River,6005 State Bridge Rd,Apartments,,,,45.52887378,GRE Retreat at Johns Creek LLC,Medlock Bridge Elementary School,Autrey Mill Middle School,Johns Creek High School,,351,"Gated access, tennis courts, swimming pool",Retreat at Johns Creek,220,CAMD,Yes,Yes,"Name changed to ""Retreat at Johns Creek"" in 10/2014",fe2c7fe9-f2b4-44db-a5f1-933bec0e19ea,2013-06-13T13:41:52.000Z,2018-06-26T20:15:25.000Z,1.65E-05,0.0248626
49,SA100379,Cameron Crest Farms,,,Subdivision,,,,358.5757464,,Dolvin Elementary School,Autrey Mill Middle School,Johns Creek High School,,65,,Cameron Crest Farms,57,CACF,No,No,,b14f44c9-2968-4851-9dab-681956a5b9e3,2013-06-13T13:41:52.000Z,2018-06-26T20:15:25.000Z,0.000141742,0.056960198
50,SA100380,Cameron Forest,Cameron Woods,,Subdivision,,,,169.1804683,,State Bridge Crossing Elementary School,Taylor Road Middle School,Chattahoochee High School,2005,262,"Tennis courts, clubhouse, swimming pool, playground",Cameron Forest,58,CAFO,No,No,,b87b2b06-ca74-4ef2-8665-d8210216d174,2013-06-13T13:41:52.000Z,2018-06-26T20:15:25.000Z,6.69E-05,0.054815597
51,SA100499,Carriage Homes at River Farm,Carriage Homes at Fairfield's River Farm,,Mixed,,,,31.07568432,,State Bridge Crossing Elementary School,Autrey Mill Middle School,Johns Creek High School,,64,,Carriage Homes at River Farm,60,RFCH,No,Yes,,e2f77caa-4d7d-491a-a7e4-3ea014b9301f,2013-06-13T13:41:52.000Z,2018-06-26T20:15:25.000Z,1.23E-05,0.016323375
52,SA100381,Carriage Park,,,Subdivision,,,,34.59532341,,Findley Oaks Elementary School,River Trail Middle School,Northview High School,,161,,Carriage Park,61,CAPK,No,No,,82d97ef1-5364-4a1b-8829-862aac2003a1,2013-06-13T13:41:52.000Z,2018-06-26T20:15:25.000Z,1.37E-05,0.016241931
53,SA100273,Carrington,,,Subdivision,,,,16.47009642,,Barnwell Elementary School,Autrey Mill Middle School,Johns Creek High School,,47,,Carrington,62,CARR,No,No,,76a6a7b8-2aea-4dff-b254-5e315ce7afbe,2013-06-13T13:41:52.000Z,2018-06-26T20:15:25.000Z,6.51E-06,0.010828007
54,SA100464,Northhaven at Johns Creek,Century State Bridge / Caswyck Statebridge,11201 State Bridge Rd,Apartments,,,WM,22.15380408,SCG State Bridge Apartments LLC,Ocee Elementary School,Taylor Road Middle School,Chattahoochee High School,,227,"Gated access, tennis court, swimming pool",Northhaven at Johns Creek,185,CYSB,Yes,Yes,227 apartment units; name changed 2014,16200723-5524-42be-ae22-f38aeaa61948,2013-06-13T13:41:52.000Z,2018-06-26T20:15:25.000Z,8.76E-06,0.012755342
55,SA100265,Chartwell,,,Subdivision,,,,123.0908591,,Hillside Elementary School,Haynes Bridge Middle School,Centennial High School,2000,211,"Playground, 3+ garages, tennis courts, clubhouse, swimming pool, lake, sidewalks",Chartwell,63,CHTW,No,No,,20d6808c-3c99-45d7-9911-f206581bf9bb,2013-06-13T13:41:52.000Z,2018-06-26T20:15:25.000Z,4.86E-05,0.031415957
56,SA100493,Arium Johns Creek,Chelsea Ridge Apartments / Bristol Park,9700 Medlock Crossing Pky,Apartments,,,Valet Waste,35.57608745,Chelsea Ridge LLC,Medlock Bridge Elementary School,Autrey Mill Middle School,Johns Creek High School,,396,"Gated access, tennis courts, swimming pool",Arium Johns Creek,20,CHRG,Yes,Yes,396 apartment units; name changed 2015,e1ec19e6-2f66-4e7d-9b2a-a0ee9ae594f9,2013-06-13T13:41:52.000Z,2018-06-26T20:15:25.000Z,1.40E-05,0.019079641
57,SA100425,Chessington Chase,,,Subdivision,,,,11.16375337,,State Bridge Crossing Elementary School,Taylor Road Middle School,Chattahoochee High School,,21,,Chessington Chase,64,CHES,No,No,,d9397991-3cba-4b52-90c5-0501f1b7d04e,2013-06-13T13:41:52.000Z,2018-06-26T20:15:25.000Z,4.41E-06,0.008443993
58,SA100268,Churchill Downs,,,Subdivision,,,,17.17277348,,Ocee Elementary School,Taylor Road Middle School,Chattahoochee High School,,75,,Churchill Downs,65,CHUR,No,No,,6a75d1f2-1632-4efc-b6a1-e0042f49e578,2013-06-13T13:41:52.000Z,2018-06-26T20:15:25.000Z,6.74E-06,0.012280379
59,SA100465,Citadella,,,Subdivision,,,,16.27145564,,Barnwell Elementary School,Autrey Mill Middle School,Johns Creek High School,,8,Gated,Citadella,66,CITD,Yes,Yes,,dcce8710-4d6b-44d6-92ab-0e123e8ca633,2013-06-13T13:41:52.000Z,2018-06-26T20:15:25.000Z,6.14E-06,0.014282646
60,SA100443,Clublands,,,Subdivision,,,,20.47586187,,State Bridge Crossing Elementary School,Autrey Mill Middle School,Johns Creek High School,1991,36,,Clublands,67,CLBL,No,No,,b79ca2d3-68d7-4aeb-8c94-c4974e1d2298,2013-06-13T13:41:52.000Z,2018-06-26T20:15:25.000Z,8.09E-06,0.01193834
61,SA100407,Coldstream Courts,River Knoll,,Subdivision,,,,19.80445856,,State Bridge Crossing Elementary School,Autrey Mill Middle School,Johns Creek High School,,44,"Playground, tennis courts, swimming pool, sidewalks",Coldstream Courts,69,CDCT,No,No,"Stratmore, Coldstream Courts and River Knoll are one community",8fa871ec-fa7a-4c95-8055-65c9373aad8b,2013-06-13T13:41:52.000Z,2018-06-26T20:15:25.000Z,7.82E-06,0.017391457
62,SA100446,Colony Glen,,,Subdivision,,,,42.76363575,,Dolvin Elementary School,Autrey Mill Middle School,Johns Creek High School,,136,,Colony Glen,70,COGL,No,No,,c527eabb-1c9c-4d6d-8924-8f4d782aafbc,2013-06-13T13:41:52.000Z,2018-06-26T20:15:25.000Z,1.69E-05,0.020308064
63,SA100283,Concord Hall,North Lake,,Subdivision,,,,62.54765897,,Lake Windward Elementary School,Taylor Road Middle School,Chattahoochee High School,,176,,Concord Hall,71,CNHL,No,No,,c7c7489d-558c-4df5-b094-1506c13d9dcf,2013-06-13T13:41:52.000Z,2018-06-26T20:15:25.000Z,2.47E-05,0.023928166
64,SA100480,"Country Club of the South, The",,,Subdivision,,,,903.4153943,,Barnwell Elementary School,Autrey Mill Middle School,Johns Creek High School,,732,"Gated access, playground, tennis courts, swimming pool, golf course",Country Club Of The South,72,TCCS,Yes,Yes,,8f0564b8-83b4-4102-8663-e5ab93838564,2013-06-13T13:41:52.000Z,2018-06-26T20:15:25.000Z,0.000357094,0.095045542
65,SA100318,Coventry at Jones Bridge,,,Subdivision,,,,6.74075674,,Barnwell Elementary School,Autrey Mill Middle School,Johns Creek High School,,20,,Coventry At Jones Bridge,73,CVJB,No,No,,11258857-8a52-47f8-887a-518dfe888647,2013-06-13T13:41:52.000Z,2018-06-26T20:15:25.000Z,2.66E-06,0.006690504
66,SA100319,Creekside,,,Subdivision,,,,28.12721807,,State Bridge Crossing Elementary School,Taylor Road Middle School,Chattahoochee High School,,52,,Creekside,74,CRKS,No,No,,b7ffac52-b3a5-4785-90aa-3946c9013bb9,2013-06-13T13:41:52.000Z,2018-06-26T20:15:25.000Z,1.11E-05,0.015394007
67,SA100261,Creekside Crossing,Parsons Road Estates,,Subdivision,,,,90.95043017,,Wilson Creek Elementary School,River Trail Middle School,Northview High School,,41,"Playground, tennis courts, swimming pool",Creekside Crossing,75,CRCR,No,No,,e472d83a-b3f7-4eab-9c52-2a1becedb0e1,2013-06-13T13:41:52.000Z,2018-06-26T20:15:25.000Z,3.59E-05,0.027247942
68,SA100295,Crossington Road at Wellington,,,Subdivision,,,,20.03544429,,Findley Oaks Elementary School,Taylor Road Middle School,Chattahoochee High School,,48,,Crossington Road at Wellington,77,CRWL,No,No,,70d14770-b5d6-4c39-8c49-dddcf0078fee,2013-06-13T13:41:52.000Z,2018-06-26T20:15:25.000Z,7.92E-06,0.030509677
69,SA100415,Devonhall,,,Subdivision,,,,76.60035397,,Shakerag Elementary School,River Trail Middle School,Northview High School,,185,,Devonhall,78,DVHL,No,No,,cbb6d6ac-eab4-4f4a-9458-d5669d0eeb57,2013-06-13T13:41:52.000Z,2018-06-26T20:15:25.000Z,3.03E-05,0.031857137
70,SA100276,Donamere,,,Subdivision,,,,37.78822844,,State Bridge Crossing Elementary School,Taylor Road Middle School,Chattahoochee High School,,81,"Tennis courts, swimming pool",Donamere,79,DONA,No,No,,cfd6c22c-34b3-44f7-bad9-ee9128550df7,2013-06-13T13:41:52.000Z,2018-06-26T20:15:25.000Z,1.49E-05,0.015976161
71,SA100434,Doublegate,,,Subdivision,,,,332.7979763,,State Bridge Crossing Elementary School,Autrey Mill Middle School,Johns Creek High School,1998,437,"Playground, 3+ garages, tennis courts, swimming pool",Doublegate,80,DBLG,No,No,,9fcd3d13-06e5-4726-9fd8-bed8bc17aeb5,2013-06-13T13:41:52.000Z,2018-06-26T20:15:25.000Z,0.000131532,0.06306862
72,SA100498,Eagle Glen,,,Mixed,,,,20.11461661,,Barnwell Elementary School,Haynes Bridge Middle School,Centennial High School,,122,,Eagle Glen,82,EAGL,No,Yes,,4e649565-f418-4e43-b29d-7e2e042c93e1,2013-06-13T13:41:52.000Z,2018-06-26T20:15:25.000Z,7.96E-06,0.016802588
73,SA100466,Eaton Manor,,,Townhomes,,,,5.89612508,,Wilson Creek Elementary School,River Trail Middle School,Northview High School,,34,Gated,Eaton Manor,84,EATO,Yes,Yes,,79db879b-2763-4898-a7cb-b92e3d7953c3,2013-06-13T13:41:52.000Z,2018-06-26T20:15:25.000Z,2.33E-06,0.00992213
74,SA100409,Edgehill Place,Buice Road,,Subdivision,,,,14.12935315,,Dolvin Elementary School,Autrey Mill Middle School,Johns Creek High School,,42,,Edgehill Place,85,EDPL,No,No,,947f1237-7b65-4b1d-91e4-c0f6636686bd,2013-06-13T13:41:52.000Z,2018-06-26T20:15:25.000Z,5.58E-06,0.010323829
75,SA100320,Edgewater Estates,,,Subdivision,,,,12.98615808,,Shakerag Elementary School,River Trail Middle School,Northview High School,,11,,Edgewater Estates,86,EDES,No,No,,9ce7e744-9ebe-4b62-ab6b-52920c673c5b,2013-06-13T13:41:52.000Z,2018-06-26T20:15:25.000Z,5.13E-06,0.00891526
76,SA100394,Ellington,Camden Walk,,Subdivision,,,,18.4229492,,Barnwell Elementary School,Autrey Mill Middle School,Johns Creek High School,,55,,Ellington,87,ELLI,No,No,,f832b809-e1cd-4705-8c59-8a17243abb7e,2013-06-13T13:41:52.000Z,2018-06-26T20:15:25.000Z,7.28E-06,0.011127526
77,SA100263,"Enclave at Breckenridge, The",,,Subdivision,,,,35.4368183,,Barnwell Elementary School,Autrey Mill Middle School,Johns Creek High School,,120,"Playground, tennis courts, swimming pool",Enclave at Breckenridge,89,TEAB,No,No,,4858ce25-a2fc-4e87-ba0b-ec7d8518911c,2013-06-13T13:41:52.000Z,2018-06-26T20:15:25.000Z,1.40E-05,0.018146002
78,SA100436,Enclave at Farmbrook,,,Subdivision,,,,16.44957603,,State Bridge Crossing Elementary School,Autrey Mill Middle School,Johns Creek High School,,9,,Enclave at Farmbrook,90,ENCV,No,No,,3517f982-d6fc-4ea6-b9cf-3a48bdc58aa4,2013-06-13T13:41:52.000Z,2018-06-26T20:15:25.000Z,6.50E-06,0.010329288
79,SA100399,"Enclave at Foxdale, The",,,Subdivision,,,,47.8785979,,Wilson Creek Elementary School,River Trail Middle School,Northview High School,,171,"Tennis courts, swimming pool",Enclave at Foxdale,91,TEAF,No,No,,d7e3a3dc-17bc-4929-ac58-bcef31c2d7c9,2013-06-13T13:41:52.000Z,2018-06-26T20:15:25.000Z,1.89E-05,0.018179373
80,SA100420,"Enclave at Wellington, The",,,Subdivision,,,,45.26075799,,Findley Oaks Elementary School,Taylor Road Middle School,Chattahoochee High School,2001,111,"Playground, tennis courts, clubhouse, swimming pool, sidewalks, basketball court",Enclave at Wellington,92,TEAW,No,No,,5733d0fa-0f60-4888-aaf0-8b7344815a5e,2013-06-13T13:41:52.000Z,2018-06-26T20:15:25.000Z,1.79E-05,0.024011589
81,SA100298,"Enclave on Johns Creek, The",,,Subdivision,,,,13.88394648,,State Bridge Crossing Elementary School,Taylor Road Middle School,Chattahoochee High School,,27,,Enclave on Johns Creek,93,TEJC,No,No,,90dfc515-faa4-4d4e-9f81-e55227d5013b,2013-06-13T13:41:52.000Z,2018-06-26T20:15:25.000Z,5.49E-06,0.014276129
82,SA100438,"Estates at Deer Chase, The",,,Subdivision,,,,14.66543628,,Barnwell Elementary School,Haynes Bridge Middle School,Centennial High School,,30,,Estates at Deer Chase,94,ESDC,No,No,"Subdivision/streets are public, gate is welded permanently open",46350306-310c-4f49-aeb7-7a3194b40c9e,2013-06-13T13:41:52.000Z,2018-06-26T20:15:25.000Z,5.88E-06,0.011534756
83,SA100411,"Estates at Foxdale, The",,,Subdivision,,,,26.99890754,,Wilson Creek Elementary School,River Trail Middle School,Northview High School,,62,,Estates at Foxdale,95,TESF,No,No,,2b50ae05-be61-4e1a-91b3-a76dc9931bf8,2013-06-13T13:41:52.000Z,2018-06-26T20:15:25.000Z,1.07E-05,0.014125603
84,SA100364,"Estates at Wellington, The",,,Subdivision,,,,36.28730368,,Abbotts Hill Elementary School,Taylor Road Middle School,Chattahoochee High School,2001,82,"Playground, tennis courts, clubhouse, swimming pool, sidewalks, basketball court",Estates at Wellington,97,TESW,No,No,,0dcc5549-2cfb-49e1-b525-4f0e551575e2,2013-06-13T13:41:52.000Z,2018-06-26T20:15:25.000Z,1.43E-05,0.021153671
85,SA100321,Evergreen Trace,,,Subdivision,,,,20.56957884,,Northwood Elementary School,Haynes Bridge Middle School,Centennial High School,,63,,Evergreen Trace,98,EVTR,No,No,,bad4f76f-b095-42bb-9d1e-8e28fc51bcfe,2013-06-13T13:41:52.000Z,2018-06-26T20:15:25.000Z,8.13E-06,0.012629945
86,SA100322,Fairway Ridge,,,Subdivision,,,,52.66372161,,Barnwell Elementary School,Haynes Bridge Middle School,Centennial High School,,73,,Fairway Ridge,99,FRDG,No,No,,14535a5a-b70f-4262-9bf2-eb31cda836e4,2013-06-13T13:41:52.000Z,2018-06-26T20:15:25.000Z,2.08E-05,0.021394011
87,SA100323,Falcon Ridge,,,Subdivision,,,,10.84198898,,Ocee Elementary School,Taylor Road Middle School,Chattahoochee High School,,31,,Falcon Ridge,100,FALR,No,No,,b762b98e-0d0f-4e4b-bbc2-bac87d0bb0f0,2013-06-13T13:41:52.000Z,2018-06-26T20:15:25.000Z,4.29E-06,0.009025211
88,SA100400,"Falls of Autry Mill, The",,,Subdivision,,,,280.5232844,,Dolvin Elementary School,Autrey Mill Middle School,Johns Creek High School,2005,467,"Playground, 3+garages, fitness center, tennis courts, swimming pool, walking trail, lake, sidewalks",Falls of Autry Mill,101,TFAM,No,No,,13ec7b16-7792-4524-bcd7-b6fb3066a896,2013-06-13T13:41:52.000Z,2018-06-26T20:15:25.000Z,0.000110834,0.066721778
89,SA100269,Farmbrook,Farm Brook,,Subdivision,,,,189.8475771,,State Bridge Crossing Elementary School,Autrey Mill Middle School,Johns Creek High School,,110,,Farmbrook,102,FARM,No,No,"Some plats refer to this as two words ""Farm Brook""",885eefbd-e65e-4291-8213-1e4c1dad4b64,2013-06-13T13:41:52.000Z,2018-06-26T20:15:25.000Z,7.50E-05,0.063168882
90,SA100288,Feather Sound,,,Subdivision,,,,9.94142577,,Barnwell Elementary School,Haynes Bridge Middle School,Centennial High School,,32,,Feather Sound,103,FTHR,No,No,,1e923dc9-3a07-4506-846e-627e7c67edb6,2013-06-13T13:41:52.000Z,2018-06-26T20:15:25.000Z,3.93E-06,0.010048174
91,SA100270,Findley Chase,,,Subdivision,,,,25.85893957,,Findley Oaks Elementary School,River Trail Middle School,Northview High School,,80,"Tennis courts, swimming pool",Findley Chase,104,FINL,No,No,,d8916992-5712-4000-ba9b-23dd2f15a640,2013-06-13T13:41:52.000Z,2018-06-26T20:15:25.000Z,1.02E-05,0.018902069
92,SA100365,"Forest, The",,,Subdivision,,,,37.18764529,,Abbotts Hill Elementary School,Taylor Road Middle School,Chattahoochee High School,,121,"Tennis courts, swimming pool",Forest,106,TFOR,No,No,,4efdda17-2a4f-47ea-8110-b6998452f0a3,2013-06-13T13:41:52.000Z,2018-06-26T20:15:25.000Z,1.47E-05,0.016111903
93,SA100324,Forrest Lake,,,Subdivision,,,,11.84925037,,State Bridge Crossing Elementary School,Autrey Mill Middle School,Johns Creek High School,,20,,Forrest Lake,107,FORR,No,No,,a0e45060-7d41-4699-bd48-cfcfd281c0ea,2013-06-13T13:41:52.000Z,2018-06-26T20:15:25.000Z,4.66E-06,0.011617595
94,SA100325,Fox Creek,,,Subdivision,,,,37.71693495,,State Bridge Crossing Elementary School,Autrey Mill Middle School,Johns Creek High School,1993,64,"Playground, tennis courts, clubhouse, swimming pool",Fox Creek,108,FOXC,No,No,,f25529a3-31fa-4266-9d1b-e31ebc36787a,2013-06-13T13:41:52.000Z,2018-06-26T20:15:25.000Z,1.49E-05,0.017481898
95,SA100326,Fox Glen,,,Subdivision,,,,20.20477682,,Lake Windward Elementary School,Taylor Road Middle School,Chattahoochee High School,,62,,Fox Glen,109,FOXG,No,No,,21b8a8cf-3194-415c-9e70-6c13cd418801,2013-06-13T13:41:52.000Z,2018-06-26T20:15:25.000Z,7.98E-06,0.012560729
96,SA100259,Foxworth,"Marseilles, River Forest",,Subdivision,,,,72.90697632,,Barnwell Elementary School,Autrey Mill Middle School,Johns Creek High School,,111,"Tennis courts, clubhouse, swimming pool",Foxworth,110,FXWO,No,No,,50f28623-77ef-4d05-b0be-f70562974254,2013-06-13T13:41:52.000Z,2018-06-26T20:15:25.000Z,2.88E-05,0.024370089
97,SA100490,"Gates at Johns Creek, The",,,Mixed,,,,53.79678276,,Shakerag Elementary School,River Trail Middle School,Northview High School,,101,"Tennis courts, swimming pool",Gates at Johns Creek,111,TGJC,Yes,Yes,,89ee6534-9827-4d06-8987-bd775019aebf,2013-06-13T13:41:52.000Z,2018-06-26T20:15:25.000Z,2.09E-05,0.02619063
98,SA100366,"Gates, The",,,Subdivision,,,,32.26856897,,Ocee Elementary School,Taylor Road Middle School,Chattahoochee High School,1998,69,"Playground, swimming pool",Gates,112,TGAT,No,No,,d17b11cb-4980-4f61-8481-f078172cdf9b,2013-06-13T13:41:52.000Z,2018-06-26T20:15:25.000Z,1.27E-05,0.015341458
99,SA100327,Georgian Ridge,,,Subdivision,,,,9.51630974,,Hillside Elementary School,Haynes Bridge Middle School,Centennial High School,,22,,Georgian Ridge,113,GEOR,No,No,,1e4a590f-dea1-49c5-826a-299b005e3931,2013-06-13T13:41:52.000Z,2018-06-26T20:15:25.000Z,3.76E-06,0.008559303
100,SA100328,Glastonberry,,,Subdivision,,,,72.76432714,,Barnwell Elementary School,Autrey Mill Middle School,Johns Creek High School,,129,"Tennis courts, swimming pool",Glastonberry,114,GLAS,No,No,,f17bba38-a8a6-4b25-81f0-d96f9978d6ab,2013-06-13T13:41:52.000Z,2018-06-26T20:15:25.000Z,2.87E-05,0.028674462
101,SA100402,Glenhurst,,,Subdivision,,,,74.55095712,,Wilson Creek Elementary School,River Trail Middle School,Northview High School,1998,166,"Playground, tennis courts, swimming pool, sidewalks",Glenhurst,115,GLHU,No,No,,8bc0574d-37f8-4210-ac06-33d389bd5a07,2013-06-13T13:41:52.000Z,2018-06-26T20:15:25.000Z,2.95E-05,0.025433877
102,SA100383,Glenside,Parsons Road,,Subdivision,,,,7.63965202,,Medlock Bridge Elementary School,River Trail Middle School,Northview High School,,24,,Glenside,116,GLSD,No,No,,7b4273aa-da1f-44d5-a1f7-8ae03cf0dda9,2013-06-13T13:41:52.000Z,2018-06-26T20:15:25.000Z,3.02E-06,0.007049526
103,SA100482,Grand Estates of the South,,,Subdivision,,,,39.35805389,,Barnwell Elementary School,Autrey Mill Middle School,Johns Creek High School,,7,,Grand Estates of the South,117,GRAN,Yes,Yes,,13866280-0ba5-460f-833c-4cc27a0178cc,2013-06-13T13:41:52.000Z,2018-06-26T20:15:25.000Z,1.55E-05,0.019604662
104,SA100329,Hampton Square,,,Subdivision,,,,41.52737272,,Ocee Elementary School,Taylor Road Middle School,Chattahoochee High School,,118,,Hampton Square,119,HASQ,No,No,,c5e891e6-9eb3-4ffc-8026-d27d12e8c44e,2013-06-13T13:41:52.000Z,2018-06-26T20:15:25.000Z,1.64E-05,0.022593851
105,SA100454,Hartridge,,,Subdivision,,,,76.78170303,,Hillside Elementary School,Haynes Bridge Middle School,Centennial High School,,149,"Tennis courts, swimming pool",Hartridge,120,HART,No,No,,281653ce-58d5-4704-9e86-2d1857499fb2,2013-06-13T13:41:52.000Z,2018-06-26T20:15:25.000Z,3.03E-05,0.026374308
106,SA100384,Haydens Walk,,,Subdivision,,,,25.15127615,,State Bridge Crossing Elementary School,Autrey Mill Middle School,Johns Creek High School,1998,63,"Tennis courts, swimming pool",Haydens Walk,121,HAYD,No,No,,ec6672ef-b553-4f81-ae17-f98528ba11dd,2013-06-13T13:41:52.000Z,2018-06-26T20:15:25.000Z,9.93E-06,0.014692493
107,SA100471,Haynes Bridge Manor,Haynes Bridge Road,,Subdivision,,,,13.6432416,,Northwood Elementary School,Haynes Bridge Middle School,Centennial High School,,47,Gated access,Haynes Bridge Manor,122,HABR,Yes,Yes,,32b9243d-5701-4d9c-8c43-ba68ea0493c4,2013-06-13T13:41:52.000Z,2018-06-26T20:15:25.000Z,5.39E-06,0.009484
108,SA100517,Haynes Landing,,,Subdivision,,,,52.85142038,,Barnwell Elementary School,Haynes Bridge Middle School,Centennial High School,,235,"Playground, tennis courts, swimming pool",Haynes Landing,123,HAYL,No,No,,dc9a37e9-0933-491f-a4d5-81c9596c5821,2013-06-13T13:41:52.000Z,2018-06-26T20:15:25.000Z,2.09E-05,0.023091721
109,SA100437,Haynesbrooke,,,Subdivision,,,,4.69952986,,Northwood Elementary School,Haynes Bridge Middle School,Centennial High School,,8,Gated access,Haynesbrooke,124,HABK,Yes,Yes,,c55e81ec-198d-4c42-aad2-7eadffa9d6a7,2013-06-13T13:41:52.000Z,2018-06-26T20:15:25.000Z,1.86E-06,0.006498328
110,SA100428,Herrington Cove,,,Subdivision,,,,4.49859533,,Dolvin Elementary School,Autrey Mill Middle School,Johns Creek High School,,13,,Herrington Cove,126,HGCV,No,No,,abd88ef0-837e-4874-8b58-3f8dbbf035c6,2013-06-13T13:41:52.000Z,2018-06-26T20:15:25.000Z,1.78E-06,0.005420309
111,SA100330,Highgate,Chasemore,,Subdivision,,,,36.80053701,,Medlock Bridge Elementary School,River Trail Middle School,Northview High School,,70,"Tennis courts, swimming pool",Highgate,127,HIGH,No,No,,119cad55-f1e7-4143-989f-9a3444f75cd7,2013-06-13T13:41:52.000Z,2018-06-26T20:15:25.000Z,1.45E-05,0.015169692
112,SA100403,Highland Park,Ashewoode,,Subdivision,,,,49.54259756,,Lake Windward Elementary School,Taylor Road Middle School,Chattahoochee High School,,127,"Tennis courts, swimming pool",Highland Park,128,HIPK,No,No,,174f1274-f1e6-4969-b2f5-012d1607cd21,2013-06-13T13:41:52.000Z,2018-06-26T20:15:25.000Z,1.96E-05,0.021637186
113,SA100271,Highlands at Johns Creek,,,Subdivision,,,,10.22431492,,Findley Oaks Elementary School,River Trail Middle School,Northview High School,,2,,Highlands At Johns Creek,129,HLJC,No,No,,bfcd3411-7d21-4cae-8090-567be675f88a,2013-06-13T13:41:52.000Z,2018-06-26T20:15:25.000Z,4.04E-06,0.009064753
114,SA100293,Hillbrooke,,,Subdivision,,,,104.558256,,Abbotts Hill Elementary School,Taylor Road Middle School,Chattahoochee High School,,264,"Tennis courts, clubhouse, swimming pool",Hillbrooke,130,HILL,No,No,,e18d1730-fa2b-469f-8e5b-96608144f026,2013-06-13T13:41:52.000Z,2018-06-26T20:15:25.000Z,4.13E-05,0.039935109
115,SA100473,"Homestead, The",,,Subdivision,,,,37.5878674,,Shakerag Elementary School,River Trail Middle School,Northview High School,,11,Gated access,Homestead,131,THOM,Yes,Yes,,4ede5236-05e8-4532-ada2-8575342a0403,2013-06-13T13:41:52.000Z,2018-06-26T20:15:25.000Z,1.71E-05,0.022278821
116,SA100444,Hunters Close,Hunter's Close,,Subdivision,,,,52.47759477,,State Bridge Crossing Elementary School,Taylor Road Middle School,Chattahoochee High School,,215,,Hunter's Close,132,HUCL,No,No,,0b57142e-4242-4a17-9826-fe5da50e380e,2013-06-13T13:41:52.000Z,2018-06-26T20:15:25.000Z,2.07E-05,0.027537734
117,SA100332,Hunters Forest,Hunter's Forest,,Subdivision,,,,34.95606419,,Ocee Elementary School,Taylor Road Middle School,Chattahoochee High School,,120,,Hunter's Forest,133,HUFR,No,No,,9c0a86e3-3d89-46d2-87a3-2404adc045e2,2013-06-13T13:41:52.000Z,2018-06-26T20:15:25.000Z,1.38E-05,0.020428618
118,SA100333,Huntington,,,Subdivision,,,,44.04584247,,Shakerag Elementary School,River Trail Middle School,Northview High School,,108,,Huntington,134,HTON,No,No,,fd937ccc-1e7c-474b-8b61-1825809b72ec,2013-06-13T13:41:52.000Z,2018-06-26T20:15:25.000Z,1.74E-05,0.017026969
119,SA100331,Hunts Pointe,Hunt's Pointe,,Subdivision,,,,22.41333212,,Dolvin Elementary School,Autrey Mill Middle School,Johns Creek High School,,45,,Hunts Pointe,135,HTPT,No,No,,aef22cf8-942f-4170-b472-8fbb35c973ac,2013-06-13T13:41:52.000Z,2018-06-26T20:15:25.000Z,8.85E-06,0.012471957
120,SA100509,Inisfree,,,Subdivision,,,,5.88534372,,Barnwell Elementary School,Haynes Bridge Middle School,Centennial High School,,7,,Inisfree,136,INIS,No,Yes,,448e2115-a97a-44a7-8f90-52d8580f5a92,2013-06-13T13:41:52.000Z,2018-06-26T20:15:25.000Z,2.33E-06,0.006455046
121,SA100385,Ivey Ridge,,,Subdivision,,,,25.73806407,,Northwood Elementary School,Haynes Bridge Middle School,Centennial High School,,81,,Ivey Ridge,138,IVYR,No,No,,0e1a7329-28c7-438f-9de9-309ad80aefc4,2013-06-13T13:41:52.000Z,2018-06-26T20:15:25.000Z,1.02E-05,0.021823218
122,SA100456,Jaden Woods,,,Subdivision,,,,37.09570821,,Shakerag Elementary School,River Trail Middle School,Northview High School,,65,,Jaden Woods,139,JDNW,No,No,,467bd0cb-d329-4b8e-800c-1a409a30129d,2013-06-13T13:41:52.000Z,2018-06-26T20:15:25.000Z,1.47E-05,0.018000122
123,SA100523,Johns Creek Station,,,Subdivision,n/a,2013-03-27T00:00:00.000Z,,14.01276871,,Shakerag Elementary School,River Trail Middle School,Northview High School,2013,33,,Johns Creek Station,141,JCST,No,No,,9ae161f2-4d44-4527-93cd-043409b5cfec,2013-06-13T13:41:52.000Z,2018-06-26T20:15:25.000Z,5.62E-06,0.011655797
124,SA100417,Jones Bridge Crossing,,,Subdivision,,,,24.05058924,,Abbotts Hill Elementary School,Taylor Road Middle School,Chattahoochee High School,,73,,Jones Bridge Crossing,142,JNBC,No,No,,01adeec8-fbcf-4ca4-9e4e-d11b5f4bbd99,2013-06-13T13:41:52.000Z,2018-06-26T20:15:25.000Z,9.51E-06,0.014182244
125,SA100485,Jones Bridge Estates,Jones Bridge Road Tract,,Subdivision,,,,7.37770554,,Ocee Elementary School,Taylor Road Middle School,Chattahoochee High School,,9,,Jones Bridge Estate,143,JNBE,Yes,No,,0af79b6e-2a6a-4114-8000-e1a8b0e94f65,2013-06-13T13:41:52.000Z,2018-06-26T20:15:25.000Z,2.91E-06,0.007444496
126,SA100431,Jones Bridge Hills,,,Subdivision,,,,6.00553463,,Dolvin Elementary School,Autrey Mill Middle School,Johns Creek High School,,16,,Jones Bridge Hills,144,JNBH,No,No,,e731f3c6-35d3-415e-ab8e-bb5624fc3ef7,2013-06-13T13:41:52.000Z,2018-06-26T20:15:25.000Z,2.37E-06,0.007080836
127,SA100334,Jones Bridge Landing,,,Subdivision,,,,10.36936419,,Barnwell Elementary School,Autrey Mill Middle School,Johns Creek High School,,39,,Jones Bridge Landing,145,JNBL,No,No,,c7e14b0e-d5b4-48ff-90f4-046ff2d11c69,2013-06-13T13:41:52.000Z,2018-06-26T20:15:25.000Z,4.10E-06,0.008907137
128,SA100335,Jones Bridge Place,,,Subdivision,,,,9.89409695,,Ocee Elementary School,Taylor Road Middle School,Chattahoochee High School,,31,,Jones Bridge Place,146,JNBP,No,No,,fcc2fb98-18c3-4797-a670-eea00bb8484f,2013-06-13T13:41:52.000Z,2018-06-26T20:15:25.000Z,3.91E-06,0.009919768
129,SA100277,Jones Bridge Plantation,,,Subdivision,,,,42.01931728,,Dolvin Elementary School,Autrey Mill Middle School,Johns Creek High School,,186,,Jones Bridge Plantation,147,JBPL,No,No,,40839bdc-fc8b-4850-81c7-6602cf8bf975,2013-06-13T13:41:52.000Z,2018-06-26T20:15:25.000Z,1.89E-05,0.029800477
130,SA100336,Jones Bridge Woods,,,Subdivision,,,,9.91289091,,Ocee Elementary School,Taylor Road Middle School,Chattahoochee High School,,32,,Jones Bridge Woods,148,JBWO,No,No,,8697b6a5-3419-4aeb-bb9b-f171def49174,2013-06-13T13:41:52.000Z,2018-06-26T20:15:25.000Z,3.92E-06,0.009672009
131,SA100285,Jones Estates,,,Subdivision,,,,2.90070693,,Dolvin Elementary School,Autrey Mill Middle School,Johns Creek High School,,9,,Jones Estates,149,JNES,No,No,,951affd7-c3c9-4523-857f-fabee6870169,2013-06-13T13:41:52.000Z,2018-06-26T20:15:25.000Z,1.14E-06,0.004423715
132,SA100337,Kensington Oaks,,,Subdivision,,,,13.57548426,,Lake Windward Elementary School,Taylor Road Middle School,Chattahoochee High School,,45,,Kensington Oaks,150,KSOK,No,No,,01f98ee8-f5d0-4b40-a6c2-48c1e837d1f5,2013-06-13T13:41:52.000Z,2018-06-26T20:15:25.000Z,5.68E-06,0.011084325
133,SA100501,Kimball Bridge at Creekside,,,Townhomes,,,,4.71268136,,Ocee Elementary School,Taylor Road Middle School,Chattahoochee High School,,8,,Kimball Bridge Creekside,152,KBCR,No,Yes,,07ba85b7-5ac4-4c3e-acd8-c9aadada7099,2013-06-13T13:41:52.000Z,2018-06-26T20:15:25.000Z,1.86E-06,0.005480423
134,SA100442,Kimball Parc,,,Subdivision,,,,9.09111441,,Ocee Elementary School,Taylor Road Middle School,Chattahoochee High School,,36,,Kimball Parc,153,KIMB,No,No,,87355f24-9d62-4b31-aa50-5b711403213b,2013-06-13T13:41:52.000Z,2018-06-26T20:15:25.000Z,3.61E-06,0.007271811
135,SA100386,Kings & Priests,,,Subdivision,,,,50.69179127,,Wilson Creek Elementary School,River Trail Middle School,Northview High School,,11,,Kings and Priests,154,KGPR,No,No,,16629c1a-0850-43da-8cfc-d2021108a07c,2013-06-13T13:41:52.000Z,2018-06-26T20:15:25.000Z,2.00E-05,0.028271356
136,SA100338,Kingston Crossing,,,Subdivision,,,,61.14588138,,State Bridge Crossing Elementary School,Autrey Mill Middle School,Johns Creek High School,1991,78,"Playground, tennis courts, swimming pool",Kingston Crossing,155,KSCR,No,No,,8d33298f-5915-4a8a-9ded-b1059e72e701,2013-06-13T13:41:52.000Z,2018-06-26T20:15:25.000Z,2.43E-05,0.024212911
137,SA100430,Kingston Manor Park,,,Subdivision,,,,6.97624846,,Dolvin Elementary School,Autrey Mill Middle School,Johns Creek High School,,2,,Kingston Manor Park,156,KSMP,No,No,,81f2a359-1c4b-403b-baf2-f578d11bf0d5,2013-06-13T13:41:52.000Z,2018-06-26T20:15:25.000Z,2.76E-06,0.007937528
138,SA100387,Lakehill,Bridgewater,,Subdivision,,,,34.24989584,,State Bridge Crossing Elementary School,Taylor Road Middle School,Chattahoochee High School,,69,"Tennis courts, swimming pool",Lakehill,157,LKHL,No,No,,219a7aa8-3a42-4df4-80e0-b513e2320750,2013-06-13T13:41:52.000Z,2018-06-26T20:15:25.000Z,1.35E-05,0.01666599
139,SA100447,Lakeview Estates,,,Subdivision,,,,82.68076071,,State Bridge Crossing Elementary School,Autrey Mill Middle School,Johns Creek High School,2004,41,Lake,Lakeview Estates,158,LVES,No,No,,ecdc9203-aa90-4c1c-bb73-f8f5ade859f9,2013-06-13T13:41:52.000Z,2018-06-26T20:15:25.000Z,3.27E-05,0.024152489
140,SA100339,Laurel Ridge,,,Subdivision,,,,18.74502126,,Abbotts Hill Elementary School,Taylor Road Middle School,Chattahoochee High School,2004,40,,Laurel Ridge,159,LAUR,No,No,,ae38d7c4-179f-4349-89fb-a4940f36819e,2013-06-13T13:41:52.000Z,2018-06-26T20:15:25.000Z,7.41E-06,0.011138619
141,SA100340,Laurelwood,,,Subdivision,,,,60.41120458,,Shakerag Elementary School,River Trail Middle School,Northview High School,,161,"Tennis courts, swimming pool",Laurelwood,160,LAWD,No,No,,50f0bc31-5f1d-4fe8-81db-47ec8e1a13f6,2013-06-13T13:41:52.000Z,2018-06-26T20:15:25.000Z,2.39E-05,0.025141273
142,SA100401,Lexington Woods,Red Oak,,Subdivision,,,,73.69755684,,Abbotts Hill Elementary School,Taylor Road Middle School,Chattahoochee High School,,159,"Tennis courts, swimming pool",Lexington Woods,161,LEXW,No,No,,52fe7902-2a5a-4242-bdbe-a40f1b90db05,2013-06-13T13:41:52.000Z,2018-06-26T20:15:25.000Z,2.87E-05,0.021717485
143,SA100341,Linkwood,,,Subdivision,,,,37.07093266,,State Bridge Crossing Elementary School,Autrey Mill Middle School,Johns Creek High School,,30,,Linkwood,162,LINK,No,No,,96adb25b-086e-441e-9989-8deba325b060,2013-06-13T13:41:52.000Z,2018-06-26T20:15:25.000Z,1.46E-05,0.015418025
144,SA100388,Long Indian Creek,,,Subdivision,,,,103.389518,,Dolvin Elementary School,Autrey Mill Middle School,Johns Creek High School,,234,,Long Indian Creek,164,LINC,No,No,,b2afd114-afdb-4ac0-bad1-1570fb313ed2,2013-06-13T13:41:52.000Z,2018-06-26T20:15:25.000Z,4.09E-05,0.030526384
145,SA100472,Long Pointe,,,Townhomes,,,,7.55070168,,Northwood Elementary School,Haynes Bridge Middle School,Centennial High School,,39,Gated access,Long Pointe,165,LGPT,Yes,Yes,,2e7dc5a9-e036-4451-86d8-a59c96c42585,2013-06-13T13:41:52.000Z,2018-06-26T20:15:25.000Z,2.98E-06,0.011847668
146,SA100448,Mabry Park,,,Subdivision,,,,30.92942441,,Abbotts Hill Elementary School,Taylor Road Middle School,Chattahoochee High School,,78,,Mabry Park,166,MABR,No,No,,3eb44acd-821e-4077-b3ae-1de92d4509a9,2013-06-13T13:41:52.000Z,2018-06-26T20:15:25.000Z,1.23E-05,0.021921943
147,SA100342,Mackinac,,,Subdivision,,,,14.00458388,,Hillside Elementary School,Haynes Bridge Middle School,Centennial High School,,34,,Mackinac,167,MACK,No,No,,324b2066-2dba-4a7a-8289-dd9e960aa7c9,2013-06-13T13:41:52.000Z,2018-06-26T20:15:25.000Z,5.53E-06,0.010111077
148,SA100484,Madison Park,,,Subdivision,,,,14.96201396,,Barnwell Elementary School,Autrey Mill Middle School,Johns Creek High School,2010,49,,Madison Park,168,MADI,Yes,Yes,,477b677f-8bb5-4932-b8f2-99e47fa26056,2013-06-13T13:41:52.000Z,2018-06-26T20:15:25.000Z,5.91E-06,0.010783579
149,SA100488,Magnolia Park,,,Subdivision,,,,5.31869068,,Northwood Elementary School,Haynes Bridge Middle School,Centennial High School,2000,26,Gated,Magnolia Park,169,MAGP,Yes,Yes,,d8aeb3a3-a7dd-4375-ab3c-4f1d94e1bdfa,2013-06-13T13:41:52.000Z,2018-06-26T20:15:25.000Z,2.10E-06,0.006784364
150,SA100343,Mayfair,,,Subdivision,,,,124.1378116,,Hillside Elementary School,Haynes Bridge Middle School,Centennial High School,1991,307,"Playground, tennis courts, clubhouse, swimming pool",Mayfair,170,MAYF,No,No,,1e568252-d074-4c5f-981b-69dc8ca92510,2013-06-13T13:41:52.000Z,2018-06-26T20:15:25.000Z,4.90E-05,0.040386291
151,SA100408,Medlock Bridge,,,Subdivision,,,,334.716884,,Medlock Bridge Elementary School,Autrey Mill Middle School,Johns Creek High School,,640,"Playground, tennis courts, clubhouse, swimming pool",Medlock Bridge,172,MEDL,No,No,,8c5f61e9-1624-4941-be24-25abba8d247c,2013-06-13T13:41:52.000Z,2018-06-26T20:15:25.000Z,0.000132257,0.076708769
152,SA100467,Merrimont,,,Townhomes,,,,15.33506655,,State Bridge Crossing Elementary School,Taylor Road Middle School,Chattahoochee High School,,104,"Gated access, swimming pool",Merrimont,173,MERI,Yes,Yes,,c02ce8c5-de8c-4222-9143-70ccd3fdf02f,2013-06-13T13:41:52.000Z,2018-06-26T20:15:25.000Z,6.06E-06,0.011032581
153,SA100483,Montclair,,,Subdivision,,,,106.495199,,Wilson Creek Elementary School,River Trail Middle School,Northview High School,,38,Gated access,Montclair,174,MNTC,Yes,Yes,,e84328dc-a059-46fb-bdcd-20070ff70ea2,2013-06-13T13:41:52.000Z,2018-06-26T20:15:25.000Z,4.21E-05,0.028851009
154,SA100511,Morningside,,,Townhomes,,,,5.25913575,,State Bridge Crossing Elementary School,Taylor Road Middle School,Chattahoochee High School,,52,Swimming pool,Morningside,175,MGSI,No,Yes,,8d93fc89-defc-47c7-97f7-7f7f9338e31a,2013-06-13T13:41:52.000Z,2018-06-26T20:15:25.000Z,2.08E-06,0.006291196
155,SA100290,Morton Chase,,,Subdivision,,,,15.30022707,,State Bridge Crossing Elementary School,Taylor Road Middle School,Chattahoochee High School,,70,,Morton Chase,176,MCHA,No,No,,d57f943d-b2a4-43d8-88dc-c8471de9e379,2013-06-13T13:41:52.000Z,2018-06-26T20:15:25.000Z,6.04E-06,0.013245814
156,SA100344,Morton Plantation,,,Subdivision,,,,35.65830334,,State Bridge Crossing Elementary School,Taylor Road Middle School,Chattahoochee High School,,119,"Tennis court, swimming pool, basketball court",Morton Plantation,177,MPLA,No,No,,13d71a2b-e79f-415d-ae5a-df38b0aaf536,2013-06-13T13:41:52.000Z,2018-06-26T20:15:25.000Z,1.41E-05,0.015937566
157,SA100426,Morton Reserve,,,Subdivision,,,,48.76396535,,State Bridge Crossing Elementary School,Taylor Road Middle School,Chattahoochee High School,,53,"Tennis courts, swimming pool",Morton Reserve,178,MRES,No,No,,a215f51d-a8f6-48dc-8dad-556e45374692,2013-06-13T13:41:52.000Z,2018-06-26T20:15:25.000Z,1.93E-05,0.021382343
158,SA100345,Mount View,,,Subdivision,,,,67.88517596,,Barnwell Elementary School,Haynes Bridge Middle School,Centennial High School,,38,,Mount View,179,MTVW,No,No,,1116ea08-8479-48d3-ac9b-7dd35b041aa0,2013-06-13T13:41:52.000Z,2018-06-26T20:15:25.000Z,2.68E-05,0.037832339
159,SA100468,Myers Park,Wilson Road Residential,,Townhomes,,,,15.08553089,,Wilson Creek Elementary School,Autrey Mill Middle School,Johns Creek High School,,71,"Gated access, swimming pool",Myers Park,180,MYER,Yes,Yes,,36bac92e-ffa5-4e27-ae6b-10dbc31227ff,2013-06-13T13:41:53.000Z,2018-06-26T20:15:25.000Z,5.96E-06,0.013460571
160,SA100508,Noor,,,Subdivision,,,,4.70387285,,Ocee Elementary School,Taylor Road Middle School,Chattahoochee High School,,7,,Noor,181,NOOR,No,Yes,,6ca1cc2c-f282-4d99-a7f8-32acd650921c,2013-06-13T13:41:53.000Z,2018-06-26T20:15:25.000Z,1.85E-06,0.007230056
161,SA100346,North Bridges,,,Subdivision,,,,27.4162679,,Abbotts Hill Elementary School,Taylor Road Middle School,Chattahoochee High School,,111,,North Bridges,182,NBRD,No,No,,78b11a23-5eb5-44eb-8abb-923e7c9b8150,2013-06-13T13:41:53.000Z,2018-06-26T20:15:25.000Z,1.08E-05,0.017657555
162,SA100347,North Peak,,,Subdivision,,,,65.31297668,,Barnwell Elementary School,Haynes Bridge Middle School,Centennial High School,,98,,North Peak,184,NPEK,No,No,,b3442131-1abb-49cf-b632-675ec2fda6a6,2013-06-13T13:41:53.000Z,2018-06-26T20:15:25.000Z,2.58E-05,0.024725142
163,SA100433,Oak Bridge,,,Subdivision,,,,15.67428724,,Barnwell Elementary School,Autrey Mill Middle School,Johns Creek High School,,33,,Oak Bridge,186,OKBR,No,No,,a5428078-2d84-44f6-b4bc-bb67ffebb6a4,2013-06-13T13:41:53.000Z,2018-06-26T20:15:25.000Z,6.19E-06,0.013272298
164,SA100348,Oak Landing,,,Subdivision,,,,8.79416835,,Ocee Elementary School,Taylor Road Middle School,Chattahoochee High School,,29,,Oak Landing,187,OKLN,No,No,,37a7820c-f11c-453d-b1a7-986021dd8818,2013-06-13T13:41:53.000Z,2018-06-26T20:15:25.000Z,3.49E-06,0.007975854
165,SA100349,Oakmont,,,Subdivision,,,,14.92547429,,Wilson Creek Elementary School,River Trail Middle School,Northview High School,,46,Swimming pool,Oakmont,188,OKMT,No,No,,d67f7015-0834-465f-8a0c-a89bcacbe425,2013-06-13T13:41:53.000Z,2018-06-26T20:15:25.000Z,5.90E-06,0.010254815
166,SA100521,"Oaks at Johns Creek, The",,11465 Lakefield Drive,Apartments,,,,23.30354938,"Julian LeCraw Investments, LLC",Shakerag Elementary School,River Trail Middle School,Northview High School,2012,264,"Gated access, swimming pool, walking trail",Oaks at Johns Creek,189,OKJC,Yes,Yes,,b3951130-b15b-40b6-87fd-aa56604db925,2013-06-13T13:41:53.000Z,2018-06-26T20:15:25.000Z,9.21E-06,0.017578728
167,SA100299,Old Taylor Farms,,,Subdivision,,,,38.09398319,,Shakerag Elementary School,River Trail Middle School,Northview High School,,9,Gated access,Old Taylor Farms,190,OTAY,Yes,Yes,,8f5c7e7f-cd2e-4bac-8074-86eded5e4edb,2013-06-13T13:41:53.000Z,2018-06-26T20:15:25.000Z,1.49E-05,0.017975725
168,SA100514,"Orchards at Jones Bridge, The",,,Senior Housing,,,,25.34743126,,n/a,n/a,n/a,1999,144,,Orchards at Jones Bridge,191,ORJB,No,Yes,,4fce0411-42bf-4389-943e-964f24bc5062,2013-06-13T13:41:53.000Z,2018-06-26T20:15:25.000Z,1.00E-05,0.013407719
169,SA100429,Oxford Mill,,,Subdivision,,,,163.0469916,,Dolvin Elementary School,Autrey Mill Middle School,Johns Creek High School,,300,"Playground, tennis courts, clubhouse, swimming pool",Oxford Mill,192,OXFM,No,No,,d07f9622-1496-43fc-af74-f2ba18284d16,2013-06-13T13:41:53.000Z,2018-06-26T20:15:25.000Z,6.44E-05,0.037012214
170,SA100350,Papillon,,,Subdivision,,,,10.23425874,,Dolvin Elementary School,Autrey Mill Middle School,Johns Creek High School,1997,8,3+ garages,Papillon,194,PAPI,No,No,,e8c57d76-396c-4ec3-a702-d4859a221350,2013-06-13T13:41:53.000Z,2018-06-26T20:15:26.000Z,4.05E-06,0.010204355
171,SA100289,"Park at Breckenridge, The",,,Subdivision,,,,48.55123886,,Barnwell Elementary School,Autrey Mill Middle School,Johns Creek High School,,229,"Playground, tennis courts, swimming pool",Park at Breckenridge,195,TPAB,No,No,,53cfad99-3407-4565-b5c3-d14eded13891,2013-06-13T13:41:53.000Z,2018-06-26T20:15:26.000Z,1.92E-05,0.024780616
172,SA100474,"Park at Haynes Manor, The",,,Mixed,,,,5.55268359,,Northwood Elementary School,Haynes Bridge Middle School,Centennial High School,,16,Gated access,Park at Haynes Manor,196,TPHM,Yes,Yes,,eb7c7bfc-911a-4bcc-951b-965788c11824,2013-06-13T13:41:53.000Z,2018-06-26T20:15:26.000Z,2.19E-06,0.005916168
173,SA100513,"Park at Nesbit Place, The",Nesbit Ferry Place,,Townhomes,,,,9.10087417,,Barnwell Elementary School,Haynes Bridge Middle School,Centennial High School,,56,,Park at Nesbit Place,197,TPNP,No,Yes,,45698213-0052-4aaa-954a-43f709595bcd,2013-06-13T13:41:53.000Z,2018-06-26T20:15:26.000Z,3.59E-06,0.009992693
174,SA100367,"Park at Rivermont, The",,,Subdivision,,,,12.23221074,,Barnwell Elementary School,Haynes Bridge Middle School,Centennial High School,,64,,Park at Rivermont,198,TPRV,No,No,,d15d0a31-ff8d-4055-800b-0baef425a32c,2013-06-13T13:41:53.000Z,2018-06-26T20:15:26.000Z,4.85E-06,0.011146905
175,SA100416,"Park at Wellington, The",,,Subdivision,,,,52.15310515,,Findley Oaks Elementary School,Taylor Road Middle School,Chattahoochee High School,2001,213,"Playground, tennis courts, clubhouse, swimming pool, sidewalks, basketball court",Park at Wellington,199,TPWL,No,No,,14536caf-0562-46c4-a93a-0c99605f0b5b,2013-06-13T13:41:53.000Z,2018-06-26T20:15:26.000Z,2.06E-05,0.022749407
176,SA100413,Parkside,,,Subdivision,,,,49.27925664,,Shakerag Elementary School,River Trail Middle School,Northview High School,,70,"Playground, tennis courts, clubhouse, swimming pool, sidewalks, basketball court",Parkside,200,PSID,No,No,,5d3658e0-1df0-4620-833e-8b8f9e2e350e,2013-06-13T13:41:53.000Z,2018-06-26T20:15:26.000Z,1.95E-05,0.02180593
177,SA100389,Parsons Run,,,Subdivision,,,,139.2056764,,Medlock Bridge Elementary School,River Trail Middle School,Northview High School,,215,"Tennis courts, swimming pool",Parsons Run,201,PRRU,No,No,,f884427c-b82f-4fd6-b048-8f172125c6c2,2013-06-13T13:41:53.000Z,2018-06-26T20:15:26.000Z,5.50E-05,0.047419576
178,SA100390,Parsons Station,,,Subdivision,,,,20.11168319,,Medlock Bridge Elementary School,River Trail Middle School,Northview High School,,36,,Parsons Station,202,PRST,No,No,,2c30984c-5c6f-4995-a554-90cd1db8d088,2013-06-13T13:41:53.000Z,2018-06-26T20:15:26.000Z,7.95E-06,0.013982278
179,SA100351,Parsons Walk,,,Subdivision,,,,8.92364479,,Wilson Creek Elementary School,River Trail Middle School,Northview High School,,22,,Parsons Walk,203,PRWA,No,No,,53793760-c263-4a4b-a1dd-272c618eb2af,2013-06-13T13:41:53.000Z,2018-06-26T20:15:26.000Z,3.53E-06,0.009166227
180,SA100506,Kilarney at St. Ives,"Pearl at St. Ives, The",,Subdivision,,,,7.37423765,,Wilson Creek Elementary School,Autrey Mill Middle School,Johns Creek High School,,6,Gated access,Kilarney at St Ives,151,TPRL,Yes,Yes,,7857bdaf-90f4-4c15-872c-917b93032ffd,2013-06-13T13:41:53.000Z,2018-06-26T20:15:26.000Z,2.91E-06,0.007870522
181,SA100352,Pine Ridge,,,Subdivision,,,,5.04346804,,State Bridge Crossing Elementary School,Taylor Road Middle School,Chattahoochee High School,,16,,Pine Ridge,204,PINE,No,No,,f60549a5-21c2-4373-abcb-1ffe6a97fc45,2013-06-13T13:41:53.000Z,2018-06-26T20:15:26.000Z,2.01E-06,0.006393039
182,SA100461,Pinnacle,,,Townhomes,,,,5.88181263,,Barnwell Elementary School,Haynes Bridge Middle School,Centennial High School,,21,,Pinnacle,205,TPIN,No,Yes,,6c4473d3-3252-426c-b12d-eb44aaee63f2,2013-06-13T13:41:53.000Z,2018-06-26T20:15:26.000Z,2.32E-06,0.011031142
183,SA100266,Preserve at Johns Creek,,,Subdivision,,,,11.55109427,,Findley Oaks Elementary School,River Trail Middle School,Northview High School,,7,,Preserve at Johns Creek,206,PRJC,No,No,,a34fc04c-262a-4e73-8474-ad6e7a66e768,2013-06-13T13:41:53.000Z,2018-06-26T20:15:26.000Z,4.57E-06,0.00894069
184,SA100275,Preston Oaks,,,Subdivision,,,,25.73146933,,Barnwell Elementary School,Autrey Mill Middle School,Johns Creek High School,,86,,Preston Oaks,207,PROK,No,No,,403e691c-6334-4ea8-b127-14578bfc482b,2013-06-13T13:41:53.000Z,2018-06-26T20:15:26.000Z,1.02E-05,0.01356093
185,SA100353,Prestwick,,,Subdivision,,,,108.055163,,Medlock Bridge Elementary School,Autrey Mill Middle School,Johns Creek High School,,117,,Prestwick,208,PRWK,No,No,,f3c6a7c1-c03e-4394-8b07-dd26c0866457,2013-06-13T13:41:53.000Z,2018-06-26T20:15:26.000Z,4.27E-05,0.03606951
186,SA100393,Queensbury,,,Subdivision,,,,44.15654348,,Barnwell Elementary School,Haynes Bridge Middle School,Centennial High School,,91,"Tennis courts, swimming pool, lake",Queensbury,210,QNBY,No,No,,62b90bea-5503-4979-a790-fac84ee933e6,2013-06-13T13:41:53.000Z,2018-06-26T20:15:26.000Z,1.74E-05,0.017001254
187,SA100287,Queensbury East,,,Subdivision,,,,20.89835516,,Barnwell Elementary School,Haynes Bridge Middle School,Centennial High School,,40,Tennis courts,Queensbury East,211,QNBE,No,No,,a19aa370-66c2-46ee-87d4-4233bf6fa56e,2013-06-13T13:41:53.000Z,2018-06-26T20:15:26.000Z,8.19E-06,0.012200001
188,SA100423,Randolph Hall,,,Subdivision,,,,34.99559019,,Medlock Bridge Elementary School,River Trail Middle School,Northview High School,,64,"Playground, tennis courts, swimming pool ",Randolph Hall,212,RAND,No,No,,7d0df002-631f-45da-acf9-34880532593d,2013-06-13T13:41:53.000Z,2018-06-26T20:15:26.000Z,1.38E-05,0.017917884
189,SA100518,"Regency at Johns Creek Walk, The",Johns Creek Walk,,Apartments,,,,11.12822319,,Findley Oaks Elementary School,River Trail Middle School,Northview High School,,193,Swimming pool,Regency at Johns Creek Walk,213,JCW1,Yes,Yes,,5157cba5-64c5-40f3-87d8-840c2a3bb9c9,2013-06-13T13:41:53.000Z,2018-06-26T20:15:26.000Z,4.81E-06,0.008796199
190,SA100455,"Regency at Wellington, The",,,Subdivision,,,,32.54834652,,Findley Oaks Elementary School,Taylor Road Middle School,Chattahoochee High School,2001,110,"Playground, tennis courts, clubhouse, swimming pool, sidewalks, basketball court",Regency at Wellington,214,TRAW,No,No,,c218e290-39b5-492f-afc7-006040803d9d,2013-06-13T13:41:53.000Z,2018-06-26T20:15:26.000Z,1.29E-05,0.017862653
191,SA100412,"Reserve at Foxdale, The",,,Subdivision,,,,65.73523761,,Wilson Creek Elementary School,River Trail Middle School,Northview High School,,191,"Tennis courts, swimming pool",Reserve at Foxdale,216,TRAF,No,No,,471e3630-b5a7-4c91-9e58-4ace7add3065,2013-06-13T13:41:53.000Z,2018-06-26T20:15:26.000Z,2.60E-05,0.02299396
192,SA100300,"Reserve at Johns Creek Walk, The",Johns Creek Walk,,Apartments,,,,8.96164991,,Wilson Creek Elementary School,River Trail Middle School,Northview High School,,213,Swimming pool,Reserve at Johns Creek Walk,217,JCW3,Yes,Yes,,687233f1-8599-439d-bf1b-aaeff7222162,2013-06-13T13:41:53.000Z,2018-06-26T20:15:26.000Z,3.54E-06,0.007741782
193,SA100368,"Reserve at Wellington, The",Preserve At Wellington,,Subdivision,,,,28.9042014,,Findley Oaks Elementary School,Taylor Road Middle School,Chattahoochee High School,2001,81,"Playground, tennis courts, clubhouse, swimming pool, sidewalks, basketball court",Reserve at Wellington,218,TRVW,No,No,,c924e0a7-bf60-4d71-94e0-132ec6da5ea8,2013-06-13T13:41:53.000Z,2018-06-26T20:15:26.000Z,1.14E-05,0.015647179
194,SA100486,"Residences at Johns Creek Walk, The",Johns Creek Walk,,Mixed,,,,9.02877222,,Wilson Creek Elementary School,River Trail Middle School,Northview High School,,61,Swimming pool,Residences at Johns Creek Walk,219,JCW2,Yes,Yes,,f063e566-1401-40d7-8864-b8439152225f,2013-06-13T13:41:53.000Z,2018-06-26T20:15:26.000Z,3.57E-06,0.011141066
195,SA100439,"Ridge at Brumbelow, The",,,Subdivision,,,,96.4224555,,Barnwell Elementary School,Haynes Bridge Middle School,Centennial High School,,137,"Tennis courts, swimming pool",Ridge at Brumbelow,221,TRBR,No,No,,c2de5b3e-9c45-4ed1-ad34-39172cfb2e71,2013-06-13T13:41:53.000Z,2018-06-26T20:15:26.000Z,3.83E-05,0.039864442
196,SA100391,River Club,,,Subdivision,,,,53.76902249,,Medlock Bridge Elementary School,Autrey Mill Middle School,Johns Creek High School,,47,,River Club,222,RVCL,No,No,,7ce8210f-2a75-482f-b8de-df0397e1e61d,2013-06-13T13:41:53.000Z,2018-06-26T20:15:26.000Z,2.12E-05,0.024928928
197,SA100355,River Farm,,,Subdivision,,,,41.43120679,,State Bridge Crossing Elementary School,Autrey Mill Middle School,Johns Creek High School,,64,"Tennis courts, clubhouse, swimming pool",River Farm,223,RVFM,No,No,,e27346ff-9b9a-4b06-a4c1-65ceb7663b8a,2013-06-13T13:41:53.000Z,2018-06-26T20:15:26.000Z,1.64E-05,0.018679734
198,SA100278,River Glen,,,Subdivision,,,,120.31055,,Barnwell Elementary School,Autrey Mill Middle School,Johns Creek High School,,181,"Playground, tennis court, swimming pool",River Glen,224,RVGL,No,No,,9f3b68a9-9fad-4d3d-b97a-64cd834170e9,2013-06-13T13:41:53.000Z,2018-06-26T20:15:26.000Z,5.52E-05,0.036092235
199,SA100406,River Knoll,,,Subdivision,,,,15.35714309,,State Bridge Crossing Elementary School,Autrey Mill Middle School,Johns Creek High School,1991,39,"Playground, tennis courts, swimming pool, sidewalks",River Knoll,225,RVKN,No,No,"Stratmore, Coldstream Courts and River Knoll are one community",c401c7d5-e725-4d84-a53b-bc99f465546a,2013-06-13T13:41:53.000Z,2018-06-26T20:15:26.000Z,6.35E-06,0.011045333
200,SA100279,River Ridge,,,Subdivision,,,,47.14706821,,Barnwell Elementary School,Haynes Bridge Middle School,Centennial High School,,210,"Tennis courts, clubhouse, swimming pool",River Ridge,226,RVRG,No,No,,5e24bca5-ea43-4e39-9c9c-5a0ce725c6d8,2013-06-13T13:41:53.000Z,2018-06-26T20:15:26.000Z,1.86E-05,0.017171604
201,SA100356,River Trace,,,Subdivision,,,,11.68718799,,Barnwell Elementary School,Autrey Mill Middle School,Johns Creek High School,,45,,River Trace,227,RVTR,No,No,,547de601-715d-4bff-a2a1-0f7b3a211c6c,2013-06-13T13:41:53.000Z,2018-06-26T20:15:26.000Z,4.62E-06,0.01032896
202,SA100457,River Walk,,,Subdivision,,,,136.1467841,,Shakerag Elementary School,River Trail Middle School,Northview High School,,286,"Playground, tennis courts, clubhouse, swimming pool, lake",River Walk,228,RVWA,No,No,,3861a12b-2b43-464a-8dd9-e8ad7dde46d4,2013-06-13T13:41:53.000Z,2018-06-26T20:15:26.000Z,5.38E-05,0.030867936
203,SA100280,Rivermont,,,Subdivision,,,,113.6388743,,Barnwell Elementary School,Haynes Bridge Middle School,Centennial High School,,218,"Golf course, playground, tennis courts, clubhouse, swimming pool, sidewalks",Rivermont,229,RVMT,No,No,,5c9b8f42-7623-43bb-a099-f867b80bd990,2013-06-13T13:41:53.000Z,2018-06-26T20:15:26.000Z,4.54E-05,0.030538327
204,SA100445,Rivermont Club,,,Subdivision,,2014-08-20T00:00:00.000Z,,11.16771387,,Barnwell Elementary School,Haynes Bridge Middle School,Centennial High School,,26,,Rivermont Club,230,RTCL,No,No,Plat date is most recent plat revision,9ebbad21-fade-46a9-a603-29b41157d18e,2013-06-13T13:41:53.000Z,2018-06-26T20:15:26.000Z,4.17E-06,0.013895509
205,SA100281,Rivermont Colony,,,Subdivision,,,,58.31373088,,Barnwell Elementary School,Haynes Bridge Middle School,Centennial High School,,133,"Tennis courts, swimming pool",Rivermont Colony,231,RCOL,No,No,,e63b8540-a618-4c15-b3f3-a72b30a89484,2013-06-13T13:41:53.000Z,2018-06-26T20:15:26.000Z,2.30E-05,0.025383512
206,SA100504,Rivermont Village,,,Townhomes,,,,21.86215797,,Barnwell Elementary School,Haynes Bridge Middle School,Centennial High School,,260,"Clubhouse, swimming pool",Rivermont Village,232,RVIL,No,Yes,,7db8a49d-28e8-4dcd-873c-804b6e9d5408,2013-06-13T13:41:53.000Z,2018-06-26T20:15:26.000Z,8.63E-06,0.013118586
207,SA100405,Riverwood,,,Subdivision,,,,76.44083948,,Medlock Bridge Elementary School,Autrey Mill Middle School,Johns Creek High School,,48,,Riverwood,233,RVWD,No,No,,531a9f54-2974-45e8-b19e-6686b53e5a68,2013-06-13T13:41:53.000Z,2018-06-26T20:15:26.000Z,3.02E-05,0.037791224
208,SA100357,Roswell Mill,Springhill,,Subdivision,,,,37.13551616,,Ocee Elementary School,Taylor Road Middle School,Chattahoochee High School,,105,,Roswell Mill,234,RMIL,No,No,,a233d1ee-d3c9-417b-9aa4-f50e418d6377,2013-06-13T13:41:53.000Z,2018-06-26T20:15:26.000Z,1.47E-05,0.018050962
209,SA100440,Saddle Bridge,,,Subdivision,,,,30.98021475,,State Bridge Crossing Elementary School,Taylor Road Middle School,Chattahoochee High School,,100,,Saddle Bridge,235,SADL,No,No,,e67b122d-b4df-49f9-8b8d-73d775701007,2013-06-13T13:41:53.000Z,2018-06-26T20:15:26.000Z,1.22E-05,0.018991569
210,SA100262,Saint Clair,,,Subdivision,,,,40.88794857,,Hillside Elementary School,Haynes Bridge Middle School,Centennial High School,1991,74,"Playground, tennis courts, clubhouse, swimming pool",Saint Clair,236,STCL,No,No,,42ad2731-955a-4b5f-9f5b-36463c7494d4,2013-06-13T13:41:53.000Z,2018-06-26T20:15:26.000Z,1.62E-05,0.026320055
211,SA100422,Seven Oaks,,,Subdivision,,,,376.6623481,,Findley Oaks Elementary School,River Trail Middle School,Northview High School,2000,642,"Playground, 3+ garages, fitness center, tennis courts, clubhouse, swimming pool, walking trails, ball field, lake, sidewalks",Seven Oaks,237,SVNO,No,No,,9eed71d0-e57f-4043-b5c5-abcf74572bf9,2013-06-13T13:41:53.000Z,2018-06-26T20:15:26.000Z,0.00014891,0.054510778
212,SA100358,Silver Ridge,,,Subdivision,,,,67.61970541,,Abbotts Hill Elementary School,Taylor Road Middle School,Chattahoochee High School,,198,"Tennis courts, swimming pool",Silver Ridge,239,SILV,No,No,,d5a4a7c8-72ca-4f26-8136-941c799254c8,2013-06-13T13:41:53.000Z,2018-06-26T20:15:26.000Z,2.67E-05,0.024474141
213,SA100441,Spring Garden,,,Subdivision,,,,2.98277257,,State Bridge Crossing Elementary School,Autrey Mill Middle School,Johns Creek High School,,4,,Spring Garden,241,SGAR,No,No,,329ed079-4ea6-4044-b76c-10a0e997b70b,2013-06-13T13:41:53.000Z,2018-06-26T20:15:26.000Z,1.18E-06,0.004501639
214,SA100359,Spring Meadow Farms,,,Subdivision,,,,43.90707295,,Shakerag Elementary School,River Trail Middle School,Northview High School,,13,Gated access,Spring Meadow Farms,242,SMEF,No,No,,39c80fd2-872c-4ca6-a818-d0b59119077b,2013-06-13T13:41:53.000Z,2018-06-26T20:15:26.000Z,1.68E-05,0.02016219
215,SA100291,Springfield,Valais Court,,Townhomes,,,,16.58432354,,Dolvin Elementary School,Autrey Mill Middle School,Johns Creek High School,,154,,Springfield,243,SPFD,No,Yes,,0b4ef5d7-846d-4cbe-866b-d28a5a6dff75,2013-06-13T13:41:53.000Z,2018-06-26T20:15:26.000Z,6.73E-06,0.01375051
216,SA100500,St. Amour,Saint Amour,,Subdivision,,,,5.37689044,,Findley Oaks Elementary School,River Trail Middle School,Northview High School,,8,Gated access,St Amour,244,STAM,No,Yes,,52d4ed2f-282f-44b2-bd77-8b635bc16092,2013-06-13T13:41:53.000Z,2018-06-26T20:15:26.000Z,2.13E-06,0.006534027
217,SA100462,St. Andrews Apartments,Saint Andrews Apartments,10055 Jones Bridge Rd,Apartments,,,6-8 Republic dumpsters,37.26873824,Hunt St. Andrews LTD Partnership,Dolvin Elementary School,Autrey Mill Middle School,Johns Creek High School,,229,"Gated access, tennis courts, swimming pool ",St Andrews Apartments,245,STAN,Yes,Yes,,6d0ed3bc-5d1f-49a2-8beb-b9a131d2c58f,2013-06-13T13:41:53.000Z,2018-06-26T20:15:26.000Z,1.47E-05,0.021604361
218,SA100507,St. Ives Country Club,Saint Ives Country Club,,Subdivision,,,,663.9016908,,Wilson Creek Elementary School,Autrey Mill Middle School,Johns Creek High School,,736,"Gated access, playground, 3+ garages, golf course, tennis courts, clubhouse, swimming pool, lake, sidewalks",St Ives Country Club,246,STIV,Yes,Yes,,b015b94c-1843-4e0f-968c-00d3a213edf7,2013-06-13T13:41:53.000Z,2018-06-26T20:15:26.000Z,0.000262318,0.068708507
219,SA100360,St. Regis,Saint Regis,,Subdivision,,,,35.21942123,,Hillside Elementary School,Haynes Bridge Middle School,Centennial High School,,69,"Tennis courts, swimming pool",St Regis,248,STRG,No,No,,4a0a8fbe-9120-4f1c-822f-1cc5192513d5,2013-06-13T13:41:53.000Z,2018-06-26T20:15:26.000Z,1.39E-05,0.016470664
220,SA100361,Standard View,Findley Commons,,Subdivision,,,,21.13888204,,Findley Oaks Elementary School,River Trail Middle School,Northview High School,1993,43,,Standard View,249,STVW,No,No,,7319a246-f419-4d6c-bf47-fab4e493fade,2013-06-13T13:41:53.000Z,2018-06-26T20:15:26.000Z,8.36E-06,0.01281418
221,SA100404,Stevens Creek,,,Subdivision,,,,48.31238925,,Lake Windward Elementary School,Taylor Road Middle School,Chattahoochee High School,,93,"Tennis courts, swimming pool",Stevens Creek,250,STCK,No,No,,286f4cfe-2ba7-4ea8-a0d2-22ee7daa1bd6,2013-06-13T13:41:53.000Z,2018-06-26T20:15:26.000Z,1.91E-05,0.019565824
222,SA100510,Stone Pond,,,Subdivision,,,,9.87312946,,State Bridge Crossing Elementary School,Autrey Mill Middle School,Johns Creek High School,1998,16,,Stone Pond,251,SPND,Yes,Yes,,4d3c0bda-6188-4879-9979-69d96647db52,2013-06-13T13:41:53.000Z,2018-06-26T20:15:26.000Z,3.90E-06,0.009083906
223,SA100520,Stonegrove Overlook,,,Subdivision,,,,16.99121341,,Medlock Bridge Elementary School,River Trail Middle School,Northview High School,2012,22,,Stonegrove Overlook,252,SGOL,No,No,,684588c5-e787-4e39-891c-86a1a1c41e20,2013-06-13T13:41:53.000Z,2018-06-26T20:15:26.000Z,6.72E-06,0.017599784
224,SA100424,Stonehaven,,,Subdivision,,,,39.88637123,,Medlock Bridge Elementary School,River Trail Middle School,Northview High School,,46,"3+ garages, tennis courts, swimming pool, walking trails, lake",Stonehaven,253,STHV,No,No,,ce6e69be-2c78-48cb-95cc-f01d38249d91,2013-06-13T13:41:53.000Z,2018-06-26T20:15:26.000Z,1.58E-05,0.022273521
225,SA100392,Stratmore,Coldstream Courts,,Subdivision,,,,20.07785077,,State Bridge Crossing Elementary School,Autrey Mill Middle School,Johns Creek High School,1991,40,"Playground, tennis courts, swimming pool, sidewalks",Stratmore,254,STMO,No,No,"Stratmore, Coldstream Courts and River Knoll are one community",f6494d2b-f6a8-498e-83e3-db8f155667bc,2013-06-13T13:41:53.000Z,2018-06-26T20:15:26.000Z,7.93E-06,0.016675097
226,SA100284,Sugar Mill,,,Subdivision,,,,254.0166308,,Wilson Creek Elementary School,River Trail Middle School,Northview High School,2006,496,"Playground, tennis courts, clubhouse, swimming pool, walking trail, lake, sidewalks",Sugar Mill,255,SUGM,No,No,,ac67412d-f1d5-447f-a3bd-d800538b1a95,2013-06-13T13:41:53.000Z,2018-06-26T20:15:26.000Z,0.000100375,0.053988237
227,SA100458,Summer Trace,,,Subdivision,,,,43.52918184,,Northwood Elementary School,Haynes Bridge Middle School,Centennial High School,,103,,Summer Trace,256,SUMT,No,No,,74f7aa22-3956-442b-a513-5819d4891a62,2013-06-13T13:41:53.000Z,2018-06-26T20:15:26.000Z,1.72E-05,0.018588612
228,SA100362,Surrey Park,,,Subdivision,,,,23.01996194,,Abbotts Hill Elementary School,Taylor Road Middle School,Chattahoochee High School,,40,,Surrey Park,260,SUPK,No,No,,a512587e-8370-4a9a-be23-114613d5d6e7,2013-06-13T13:41:53.000Z,2018-06-26T20:15:26.000Z,9.10E-06,0.013519267
229,SA100477,Tavistock,Westchester,,Subdivision,,,,35.98856429,,Shakerag Elementary School,River Trail Middle School,Northview High School,,22,Gated access,Tavistock,261,TAVI,Yes,Yes,,0b533cb9-962f-4954-81d8-9790462f62b4,2013-06-13T13:41:53.000Z,2018-06-26T20:15:26.000Z,1.42E-05,0.016043035
230,SA100264,Thornhill,,,Subdivision,,,,170.5473941,,Medlock Bridge Elementary School,Autrey Mill Middle School,Johns Creek High School,2003,171,"Playground, tennis courts, clubhouse, swimming pool, walking trail",Thornhill,262,THOR,No,No,,15332e6f-54cb-4d67-9f7b-5c3d066be0f4,2013-06-13T13:41:53.000Z,2018-06-26T20:15:26.000Z,6.74E-05,0.050178919
231,SA100371,Timberlane,,,Subdivision,,,,37.0633289,,State Bridge Crossing Elementary School,Taylor Road Middle School,Chattahoochee High School,,129,,Timberlane,263,TIMB,No,No,,4551a294-a2e4-49d1-aef0-445d92a3f743,2013-06-13T13:41:53.000Z,2018-06-26T20:15:26.000Z,1.46E-05,0.019163453
232,SA100451,Timberstone,,,Subdivision,,,,109.549021,,Barnwell Elementary School,Haynes Bridge Middle School,Centennial High School,,235,"Playground, tennis courts, swimming pool",Timberstone,264,TMST,No,No,,a871da14-f8d9-41ea-9897-e91c6357b441,2013-06-13T13:41:53.000Z,2018-06-26T20:15:26.000Z,4.33E-05,0.047400034
233,SA100512,Towne Village at New Haven,Newhaven,,Townhomes,,,,16.15392836,,Medlock Bridge Elementary School,Autrey Mill Middle School,Johns Creek High School,,121,,Towne Village at New Haven,265,TVNH,No,Yes,"Monument sign says ""Newhaven"" only sometime in 2014.",20f6b6d2-0092-4234-925a-46a9656da77a,2013-06-13T13:41:53.000Z,2018-06-26T20:15:26.000Z,6.38E-06,0.011973413
234,SA100369,"Vicarage, The",,,Subdivision,,,,35.91461918,,Lake Windward Elementary School,Taylor Road Middle School,Chattahoochee High School,,95,"Tennis courts, swimming pool",Vicarage,267,TVIC,No,No,,a8c38870-6d88-45c6-8e84-0cd490773d14,2013-06-13T13:41:53.000Z,2018-06-26T20:15:26.000Z,1.42E-05,0.015810187
235,SA100370,"Village at Jones Ferry, The",,,Subdivision,,,,27.93186679,,Dolvin Elementary School,Autrey Mill Middle School,Johns Creek High School,,152,,Village at Jones Ferry,268,TVJF,No,No,,6aee83a9-3f42-4324-b0b5-583a98599238,2013-06-13T13:41:53.000Z,2018-06-26T20:15:26.000Z,1.09E-05,0.016309521
236,SA100372,Village at Thornhill,,,Townhomes,,,,7.08869962,,Medlock Bridge Elementary School,Autrey Mill Middle School,Johns Creek High School,1986,16,,Village at Thornhill,269,VLAT,No,Yes,,144a8808-50eb-4075-8d1c-9a09139d3337,2013-06-13T13:41:53.000Z,2018-06-26T20:15:26.000Z,2.80E-06,0.008163424
237,SA100460,Villas of Johns Creek,,,Townhomes,,,,13.49207483,,Wilson Creek Elementary School,River Trail Middle School,Northview High School,2009,14,Swimming pool,Villas of Johns Creek,270,VLJC,Yes,Yes,,9e70a3d5-c5b3-4915-8038-ac510820bb2a,2013-06-13T13:41:53.000Z,2018-06-26T20:15:26.000Z,5.33E-06,0.013272851
238,SA100373,Waterford,,,Subdivision,,,,69.64544072,,State Bridge Crossing Elementary School,Taylor Road Middle School,Chattahoochee High School,1993,171,"Playground, lake",Waterford,271,WATE,No,No,,85f98322-9716-45f0-938c-accf189403cc,2013-06-13T13:41:53.000Z,2018-06-26T20:15:26.000Z,2.76E-05,0.025488806
239,SA100502,Wellsley,,,Townhomes,,,,8.87708162,,Lake Windward Elementary School,Taylor Road Middle School,Chattahoochee High School,,80,,Wellsley,273,WELL,No,Yes,,5a370dd3-216e-4efb-a27a-c4f622937b9a,2013-06-13T13:41:53.000Z,2018-06-26T20:15:26.000Z,3.51E-06,0.009152087
240,SA100503,Wentworth,,,Subdivision,,,,15.59133632,,Northwood Elementary School,Haynes Bridge Middle School,Centennial High School,,41,,Wentworth,274,WENT,No,Yes,,0839c002-3375-45cd-8323-ec70124e74f3,2013-06-13T13:41:53.000Z,2018-06-26T20:15:26.000Z,6.16E-06,0.015574179
241,SA100286,Westbury,Ocee Farms,,Subdivision,,,,54.67488117,,Abbotts Hill Elementary School,Taylor Road Middle School,Chattahoochee High School,1999,111,"Playground, tennis courts, clubhouse, swimming pool, walking trail",Westbury,275,WBRY,No,No,,061f20c2-6180-4239-ad73-55f7e9a3f7a1,2013-06-13T13:41:53.000Z,2018-06-26T20:15:26.000Z,2.16E-05,0.023649254
242,SA100495,Willow Royal,,,Subdivision,,,,1.79869431,,Northwood Elementary School,Haynes Bridge Middle School,Centennial High School,,6,,Willow Royal,276,WLRY,Yes,Yes,,f0b441df-9068-4dc7-a3f9-a3460ce7e526,2013-06-13T13:41:53.000Z,2018-06-26T20:15:26.000Z,7.11E-07,0.004154978
243,SA100427,Willow Run,,,Subdivision,,,,56.13167002,,Dolvin Elementary School,Autrey Mill Middle School,Johns Creek High School,,160,,Willow Run,277,WLRU,No,No,,81b05926-61ea-4b9f-9dd3-41bc12e9eb5b,2013-06-13T13:41:53.000Z,2018-06-26T20:15:26.000Z,2.58E-05,0.02139593
244,SA100374,Windermere Park,,,Subdivision,,,,33.54975956,,Abbotts Hill Elementary School,Taylor Road Middle School,Chattahoochee High School,,101,"Tennis courts, swimming pool",Windermere Park,278,WNPK,No,No,,b5f76248-670a-412c-862a-b0c73a4940ff,2013-06-13T13:41:53.000Z,2018-06-26T20:15:26.000Z,1.33E-05,0.017310308
245,SA100449,Windgate,Ashland,,Subdivision,,,,64.76232894,,Abbotts Hill Elementary School,Taylor Road Middle School,Chattahoochee High School,,181,"Tennis courts, swimming pool",Windgate,279,WIND,No,No,,b9011e17-465b-4473-a844-439c12d1d239,2013-06-13T13:41:53.000Z,2018-06-26T20:15:26.000Z,2.56E-05,0.021523374
246,SA100375,Windsong Trace,,,Subdivision,,,,19.63331741,,Findley Oaks Elementary School,River Trail Middle School,Northview High School,,56,,Windsong Trace,280,WSNG,No,No,,f8511cc0-fd53-46dc-bc0f-0e9d3543c290,2013-06-13T13:41:53.000Z,2018-06-26T20:15:26.000Z,7.76E-06,0.020253323
247,SA100475,Winfield on the River,Pine Bloom On The River,,Subdivision,,,,84.47176289,,Medlock Bridge Elementary School,Autrey Mill Middle School,Johns Creek High School,,73,Gated access,Winfield on the River,281,WRVR,Yes,Yes,,fd27a0de-4d5f-41da-a383-47336f644680,2013-06-13T13:41:53.000Z,2018-06-26T20:15:26.000Z,3.34E-05,0.026769866
248,SA100492,Winthrop Park,,,Subdivision,,,,11.34476932,,State Bridge Crossing Elementary School,Autrey Mill Middle School,Johns Creek High School,,13,Gated access,Winthrop Park,282,WTPK,Yes,Yes,,d2f45a8b-f072-4ff2-aedb-da903056df57,2013-06-13T13:41:53.000Z,2018-06-26T20:15:26.000Z,4.48E-06,0.012964476
249,SA100267,Woodland Hills,,,Subdivision,,,,39.77266943,,Northwood Elementary School,Haynes Bridge Middle School,Centennial High School,,117,,Woodland Hills,283,WDHL,No,No,,1a707e3e-9fa7-46fb-9625-9520811306ba,2013-06-13T13:41:53.000Z,2018-06-26T20:15:26.000Z,1.57E-05,0.01833186
250,SA100376,Woodridge,,,Subdivision,,,,10.17196715,,Barnwell Elementary School,Autrey Mill Middle School,Johns Creek High School,,31,,Woodridge,285,WODR,No,No,,6e03366c-3f5d-4115-a0bc-891c52476b5b,2013-06-13T13:41:53.000Z,2018-06-26T20:15:26.000Z,4.02E-06,0.008865596
251,SA100470,Woodvale,,,Subdivision,,,,11.14612776,,Northwood Elementary School,Haynes Bridge Middle School,Centennial High School,,30,,Woodvale,286,WDVL,Yes,Yes,,c74a9c9b-8434-4649-bfb4-d5d037dc625e,2013-06-13T13:41:53.000Z,2018-06-26T20:15:26.000Z,4.40E-06,0.009128126
252,SA100432,Wynbridge,,,Subdivision,,,,11.72190994,,Dolvin Elementary School,Autrey Mill Middle School,Johns Creek High School,,20,,Wynbridge,287,WYNB,No,No,,4745cc13-7d32-4818-bfdc-94fa168ec14a,2013-06-13T13:41:53.000Z,2018-06-26T20:15:26.000Z,4.63E-06,0.009986717
253,SA100377,Wynbrook,,,Subdivision,,,,38.36738865,,Hillside Elementary School,Haynes Bridge Middle School,Centennial High School,,93,,Wynbrook,288,WYBR,No,No,,86cf8c52-489c-40e9-a6d1-f62230456b4c,2013-06-13T13:41:53.000Z,2018-06-26T20:15:26.000Z,1.52E-05,0.02044744
254,SA100478,Wyngate,,,Subdivision,,,,10.5527891,,Lake Windward Elementary School,Taylor Road Middle School,Chattahoochee High School,,32,Gated access,Wyngate,289,WYNG,Yes,Yes,,b8eda645-dac7-4826-aa9d-7e152f57aae2,2013-06-13T13:41:53.000Z,2018-06-26T20:15:26.000Z,4.17E-06,0.009866404
255,SA100524,"Reserve at Autry Mill, The",,10280 Buice Road,Subdivision,,2014-01-31T00:00:00.000Z,,8.62,,Dolvin Elementary School,Autrey Mill Middle School,Johns Creek High School,2014,14,,Reserve at Autry Mill,215,RAAM,No,No,,41627892-b33d-43cb-bfee-2453a29916f0,2014-02-11T00:00:00.000Z,2018-06-26T20:15:26.000Z,3.94E-06,0.008971427
256,SA100525,Findley Cove,,11565 Findley Road,Subdivision,n/a,2014-04-25T00:00:00.000Z,,1.4553194,,Findley Oaks Elementary School,River Trail Middle School,Northview High School,2014,3,,Findley Cove,105,FNCV,No,Yes,,5f350892-62d8-4b69-a4f3-8f10bfbc8a6a,2014-02-24T00:00:00.000Z,2018-06-26T20:15:26.000Z,5.75E-07,0.003168664
257,SA100526,Byers Landing,,5255 Abbotts Bridge Road,Subdivision,n/a,2014-08-27T00:00:00.000Z,,3.137,,Abbotts Hill Elementary School,Taylor Road Middle School,Chattahoochee High School,2014,12,,Byers Landing,55,BYLD,No,Yes,,b5ee5a02-ee28-4e3e-809c-c2c5ba148cd8,2014-03-04T00:00:00.000Z,2018-06-26T20:15:26.000Z,1.04E-06,0.004334425
258,SA100527,Palisades at Bellmoore Park,Bellmoore Park,,Subdivision,"Pod D, E & H",,,121.522405,,Wilson Creek Elementary School,River Trail Middle School,Northview High School,2014,290,,Palisades at Bellmoore Park,193,PABP,Yes,Yes,Preliminary based on approved LDP,f833f78b-0498-4f51-a972-8b10ac552df6,2014-04-01T00:00:00.000Z,2018-06-26T20:15:26.000Z,4.79E-05,0.051295355
259,SA100528,Meadowview at Bellmoore Park,Bellmoore Park,,Subdivision,Pod B,,,17.41148126,,Wilson Creek Elementary School,River Trail Middle School,Northview High School,,77,,Meadowview at Bellmoore Park,171,MVBP,Yes,Yes,Preliminary based on approved LDP,00886a99-75a4-4713-bae1-2a165d72f684,2014-04-01T00:00:00.000Z,2018-06-26T20:15:26.000Z,6.87E-06,0.015075389
260,SA100529,Bridgeview at Bellmoore Park,Bellmoore Park,,Subdivision,Pod A,,,16.90435201,,Wilson Creek Elementary School,River Trail Middle School,Northview High School,,66,,Bridgeview at Bellmoore Park,43,BGBP,Yes,Yes,Preliminary based on approved LDP,1f8ce9fa-8941-46f7-a7ee-8d1e6bee6d22,2014-04-01T00:00:00.000Z,2018-06-26T20:15:26.000Z,6.64E-06,0.014326899
261,SA100530,Brookview at Bellmoore Park,Bellmoore Park,,Subdivision,Pod C,,,17.12054316,,Wilson Creek Elementary School,River Trail Middle School,Northview High School,,66,,Brookview at Bellmoore Park,50,BVBP,Yes,Yes,Preliminary based on approved LDP,82b05ac3-98ff-439e-88cb-4995c219e54f,2014-04-01T00:00:00.000Z,2018-06-26T20:15:26.000Z,6.78E-06,0.012510229
262,SA100531,"Woodlands at Bellmoore Park, The",Bellmoore Park,,Subdivision,Pod F,,,27.7061912,,Wilson Creek Elementary School,River Trail Middle School,Northview High School,,70,,The Woodlands at Bellmoore Park,284,WDBP,Yes,Yes,Preliminary based on approved LDP,ff67b4f2-6bd1-4c82-8968-7b2e5756e6da,2014-04-01T00:00:00.000Z,2018-06-26T20:15:26.000Z,1.10E-05,0.016222283
263,SA100532,Twin Creeks at Bellmoore Park,Bellmoore Park,,Subdivision,Pod G,,,23.19745945,,Shakerag Elementary School,River Trail Middle School,Northview High School,,49,,Twin Creeks at Bellmoore Park,266,TCBP,Yes,Yes,Preliminary based on approved LDP,bc6bf1c4-5502-48e9-bbb9-52e8cd9c17b2,2014-04-01T00:00:00.000Z,2018-06-26T20:15:26.000Z,9.17E-06,0.012770093
264,SA100533,Easthaven,,11375 Technology Circle,Subdivision,n/a,2014-04-02T00:00:00.000Z,,38.67076349,,Shakerag Elementary School,River Trail Middle School,Northview High School,2014,105,Pool,Easthaven,83,EAHV,No,No,,552add8b-12c9-4016-b4cf-ddcac9f62c51,2014-06-24T00:00:00.000Z,2018-06-26T20:15:26.000Z,1.50E-05,0.016337834
265,SA100522,Greenwich Park,,,Subdivision,,2014-01-07T00:00:00.000Z,,12.314368,,State Bridge Crossing Elementary School,Autrey Mill Middle School,Johns Creek High School,2014,21,,Greenwich Park,118,GRPK,Yes,Yes,,7900a205-250e-43b1-a182-a1a346248c99,2013-06-13T13:41:52.000Z,2018-06-26T20:15:26.000Z,4.78E-06,0.011537882
266,SA100534,Cameron Parc,,5420-5450 State Bridge Road,Mixed,,2015-07-28T00:00:00.000Z,,12.45063532,,State Bridge Crossing Elementary School,Autrey Mill Middle School,Johns Creek High School,2015,58,,Cameron Parc,59,CAMP,No,Yes,,c40a6de2-558a-4103-8eae-157359660be5,2014-09-19T00:00:00.000Z,2018-06-26T20:15:26.000Z,4.66E-06,0.01053203
267,SA100396,North Fulton Estates,,,Subdivision,,,,32.66127719,,State Bridge Crossing Elementary School,Autrey Mill Middle School,Johns Creek High School,,8,,North Fulton Estates,183,NFUL,No,No,Part of subdivison south of State Bridge is now Cameron Parc subdivision,47b0cefa-0df8-4b3c-8e2f-fed3d3a5451a,2013-06-13T13:41:53.000Z,2018-06-26T20:15:26.000Z,9.60E-06,0.018486895
268,SA100535,Brookmere at Johns Creek,,7781 McGinnis Ferry Road,Mixed,,2014-08-12T00:00:00.000Z,,52.36631676,,Shakerag Elementary School,River Trail Middle School,Northview High School,2014,194,"Gated access, clubhouse, tennis courts, swimming pool",Brookmere at Johns Creek,48,BKMR,Yes,Yes,"Preliminary boundary based on approved LDP2014-03, approved 8/12/14",6d495a81-8ebd-4c5a-a48b-7db6e7aad757,2014-09-22T00:00:00.000Z,2018-06-26T20:15:26.000Z,2.05E-05,0.024920947
269,SA100536,Adair Manor,,10950 Rogers Bridge Road,Subdivision,Phase 1,2014-11-13T00:00:00.000Z,,32.89158929,,Shakerag Elementary School,River Trail Middle School,Northview High School,2015,64,,Adair Manor,14,ADMR,No,No,"Preliminary boundary based on approved LDP2014-11, approved 11/13/14 (# of homes also prelim)",b82c9df0-64c2-4840-9ed7-ea0df6441cc3,2014-11-24T00:00:00.000Z,2018-06-26T20:15:26.000Z,1.30E-05,0.014276976
270,SA100537,Londonberry,Brownstones at Johns Creek,10605 State Bridge Road,Townhomes,n/a,2014-09-10T00:00:00.000Z,,6.04933039,,State Bridge Crossing Elementary School,Taylor Road Middle School,Chattahoochee High School,2015,49,,Londonberry,163,BWJC,No,Yes,"Name change to Londonberry on FP Ph1; Preliminary boundary based on approved LDP2014-05, approved 9/10/14",439e1c48-a968-4fd3-addd-5264a282d77f,2014-11-25T00:00:00.000Z,2018-06-26T20:15:26.000Z,2.39E-06,0.007478153
271,SA100538,Buice Creek Reserve,Buice Creek Preserve,10580 Buice Road,Subdivision,n/a,2014-11-06T00:00:00.000Z,,6.5107641,,Ocee Elementary School,Taylor Road Middle School,Chattahoochee High School,,7,,Buice Creek Reserve,53,BCRV,No,No,"Preliminary boundary based on approved LDP2013-20, approved 11/6/14",e963bcc4-b5d2-4611-adcb-7b8352ddca86,2015-04-15T00:00:00.000Z,2018-06-26T20:15:26.000Z,2.01E-06,0.007173905
272,SA100540,Abbotts Square,,5095 Abbotts Bridge Road,Townhomes,n/a,2015-10-15T00:00:00.000Z,,6.95413622,,Abbotts Hill Elementary School,Taylor Road Middle School,Chattahoochee High School,2015,50,,Abbotts Square,10,ABSQ,Yes,Yes,,2fdbf5d8-29fb-4bde-8e64-70b8df1050a8,2015-08-14T00:00:00.000Z,2018-06-26T20:15:26.000Z,2.59E-06,0.007636918
273,SA100541,Shakerag Manor,,10850 Rogers Circle,Subdivision,n/a,2015-11-30T00:00:00.000Z,,18.50262575,,Shakerag Elementary School,River Trail Middle School,Northview High School,2015,10,,Shakerag Manor,238,SKMR,No,Yes,,79367725-925f-4092-81b8-55a8d4877ded,2015-09-03T00:00:00.000Z,2018-06-26T20:15:26.000Z,7.31E-06,0.014288592
274,SA100542,Bayard,Dean Gardens,5100 Old Alabama Road,Subdivision,LDP,2015-08-21T00:00:00.000Z,,57.65612626,,State Bridge Crossing Elementary School,Autrey Mill Middle School,Johns Creek High School,2015,64,Gated access,Bayard,32,BAYD,Yes,Yes,Preliminary boundary based on approved LDP2014-24,f3ec9d4a-7e2c-4bbf-b32e-a82148e989a6,2015-09-03T00:00:00.000Z,2018-06-26T20:15:26.000Z,2.28E-05,0.019779437
275,SA100539,Summit Point,,4905 Kimball Bridge Road,Subdivision,n/a,2015-11-20T00:00:00.000Z,,3.72460217,,Ocee Elementary School,Taylor Road Middle School,Chattahoochee High School,2015,15,,Summit Point,257,SMPT,Yes,Yes,,c5e4e5df-95c5-4a4d-98a3-f2a1e898707d,2015-11-25T15:47:31.000Z,2018-06-26T20:15:26.000Z,1.47E-06,0.005251134
276,SA100543,Cresslyn,,,Subdivision,,2016-06-07T00:00:00.000Z,,7.65428998,,Lake Windward Elementary School,Taylor Road Middle School,Chattahoochee High School,2016,49,,Cresslyn,76,CSLN,Yes,Yes,Preliminary boundary based on approved LDP,6ea7aac6-a323-44d9-aa02-d0cb107742a2,2016-06-08T13:13:25.000Z,2018-06-26T20:15:26.000Z,3.03E-06,0.007558677
277,SA100469,Quail Hollow Estates,,,Subdivision,,,,20.940369,,Shakerag Elementary School,River Trail Middle School,Northview High School,,38,Gated access,Quail Hollow Estates,209,QUAI,Yes,Yes,,9e1f16df-01d6-4d66-85d4-d200ef5733a7,2016-08-16T18:31:56.000Z,2018-06-26T20:15:26.000Z,8.27E-06,0.01199843
278,SA100544,St. Ives Memory Care,,5835 Medlock Bridge Parkway,Senior Housing,,,,2.47527062,Five Eight Three Five Medlock Bridge LLC et al,n/a,n/a,n/a,,44,,,247,SIMC,No,Yes,,2f7ad52f-ebc1-44d8-b78c-aa6058805c5e,2017-02-22T20:15:06.000Z,2018-06-26T20:15:26.000Z,9.78E-07,0.003829809
279,SA100545,Sunrise at Ivey Ridge,,2950 Old Alabama Road,Senior Housing,,,,6.44920833,,n/a,n/a,n/a,,119,,,258,SAIR,No,Yes,,ce76ebe5-c50e-4ece-a368-cf9eb92d3ac4,2017-02-22T20:16:50.000Z,2018-06-26T20:15:26.000Z,2.55E-06,0.007374263
280,SA100546,Sunrise at Johns Creek,,11405 Medlock Bridge Road,Senior Housing,,,,2.06753434,,n/a,n/a,n/a,,95,,,259,SAJC,No,Yes,,19e15d64-5a3f-4f20-9a86-5de15fbea1c1,2017-02-22T20:17:59.000Z,2018-06-26T20:15:26.000Z,8.17E-07,0.003757241
281,SA100547,Waterstone,,10595 Medlock Bridge Road,Senior Housing,,,,6.12494927,,n/a,n/a,n/a,,120,,,272,WANE,No,Yes,,4efe72e0-f4b3-4b5b-8d89-865210791c4b,2017-02-22T20:19:42.000Z,2018-06-26T20:15:26.000Z,2.42E-06,0.007810835
282,SA100548,Ivey Hall,,5690 State Bridge Road,Senior Housing,,,,1.90441782,,n/a,n/a,n/a,,65,,,137,IVHA,No,Yes,,854863ee-bbea-4709-9eed-60e987210d12,2017-02-22T20:22:43.000Z,2018-06-26T20:15:26.000Z,7.52E-07,0.003757346
283,SA100549,Cohen Home,,10485 Jones Bridge Road,Senior Housing,,,,5.47427508,,n/a,n/a,n/a,,47,,,68,COHN,No,Yes,,184bb566-178b-462a-a2e2-35234854505d,2017-02-22T20:24:00.000Z,2018-06-26T20:15:26.000Z,2.16E-06,0.006885076
284,SA100550,Johns Creek Senior Living Care,,10220 Jones Bridge Road,Senior Housing,,,,0.82441902,,n/a,n/a,n/a,,6,,,140,JSLC,No,Yes,,bde7cc78-2ce9-4eaf-97a8-0518098d5626,2017-02-22T20:25:52.000Z,2018-06-26T20:15:26.000Z,3.26E-07,0.002416654
285,SA100551,Benton House,,5050 Kimball Bridge Road,Senior Housing,,,,5.83404873,,n/a,n/a,n/a,,72,,,38,BENT,No,Yes,,c26cdba1-ec45-4914-912c-b737347f45ab,2017-02-22T20:27:11.000Z,2018-06-26T20:15:26.000Z,2.31E-06,0.006493013
286,SA100552,,,12050 Findley Road,Senior Housing,,,,7.68543129,,n/a,n/a,n/a,,48,,,,TBD1,No,Yes,,076a29e2-25fc-47d8-bd61-399a0b0bd228,2017-02-22T20:28:16.000Z,2018-06-26T20:15:26.000Z,3.04E-06,0.007252811
287,SA100553,Hearthside,,11340 Medlock Bridge Road,Senior Housing,,,,2.45119312,,n/a,n/a,n/a,,90,,,125,HRTH,No,Yes,,580c890d-a982-4213-97b9-4bc7387ad74d,2017-02-22T20:31:41.000Z,2018-06-26T20:15:26.000Z,9.69E-07,0.004103526
288,SA100554,Ashwood Meadows,,11190 Medlock Bridge Road,Senior Housing,,,,5.22790582,,n/a,n/a,n/a,,126,,,25,ASHM,No,Yes,,804655c1-9685-42a5-b527-bbfaffb98971,2017-02-22T20:33:47.000Z,2018-06-26T20:15:26.000Z,2.07E-06,0.00816033
289,SA100555,Sojourn,,1115 Medlock Bridge Road,Senior Housing,,,,3.96765079,,n/a,n/a,n/a,,140,,,240,TBD2,No,Yes,,a1dcc2aa-9492-4728-8c9d-49102c87032d,2017-02-22T20:35:19.000Z,2018-06-26T20:15:26.000Z,1.57E-06,0.005896588
290,SA100556,Ellsworth,,8225 McGinnis Ferry Road,Subdivision,,2018-01-02T00:00:00.000Z,,9.06156605,,Shakerag Elementary School,River Trail Middle School,Northview High School,,24,,Ellsworth,88,,Yes,Yes,,5d98e3f2-8503-4c4d-a4f2-f5c6060972ad,2018-01-31T16:43:32.000Z,2018-06-26T20:15:26.000Z,3.58E-06,0.007613985
